amount,beneficiary_new,device_new,location_changed,transaction_count_last_hour,is_night_transaction,fraud
83910,0,0,1,7,0,1
96630,0,0,1,1,0,0
28757,0,0,0,13,0,0
77336,1,0,0,13,1,1
20479,0,1,0,2,1,0
47152,1,1,0,14,0,1
10428,1,1,0,2,0,0
38030,0,0,0,12,1,0
83420,1,0,1,11,0,1
92088,0,0,0,5,1,1
35482,0,1,0,7,0,1
52681,1,0,0,10,0,1
51956,1,0,1,4,0,1
70744,1,1,1,11,0,1
66884,1,0,0,3,0,0
89292,1,0,1,12,1,1
33053,0,0,1,10,0,1
57085,0,1,0,8,0,1
14047,1,0,0,11,0,1
69614,0,1,1,0,0,1
40406,0,0,0,2,0,0
9171,0,0,1,5,1,1
79607,1,0,0,9,1,1
57522,1,0,0,7,0,1
2857,0,0,0,2,0,0
8934,0,1,0,7,1,1
28180,0,1,0,15,1,1
12463,0,1,1,13,1,1
95661,0,0,0,12,1,0
32691,0,0,1,4,1,0
36609,1,0,0,14,0,0
85577,0,0,0,5,1,1
63192,0,1,0,5,1,1
51273,1,1,1,13,1,1
24990,1,0,0,1,1,0
6672,1,0,0,2,0,0
78092,0,0,1,3,0,1
78024,0,0,1,10,1,1
87882,1,0,1,12,0,1
60029,1,0,0,14,0,1
70568,0,1,0,11,0,1
48534,1,0,1,9,0,1
39340,0,0,1,3,0,0
20474,1,1,0,10,0,1
66344,1,1,0,2,1,1
5878,0,1,0,8,0,0
72409,1,0,0,2,0,1
4822,1,0,1,4,0,0
47895,0,1,0,7,0,1
73485,1,0,0,5,0,1
3348,0,1,1,7,1,1
92017,0,1,0,15,0,1
60432,1,1,0,7,0,1
52327,1,1,0,8,1,1
52486,1,0,0,8,0,1
34895,0,0,1,11,1,1
79557,0,1,0,8,0,1
321,0,1,1,2,1,1
41245,0,1,1,13,1,1
91484,1,0,0,13,1,1
80776,1,1,0,9,1,1
56446,1,1,1,14,0,1
62121,0,0,1,10,0,1
88284,1,0,0,4,0,0
32192,1,0,1,13,0,1
64899,1,0,0,0,0,0
28783,0,1,0,7,0,1
17577,1,1,1,13,1,1
97572,1,1,1,7,1,1
63617,0,1,1,2,1,1
35714,1,1,0,4,0,1
50305,0,0,0,13,1,1
71221,1,1,0,6,1,1
76656,0,1,1,0,1,1
98859,1,1,0,15,0,1
57225,1,0,1,10,1,1
61361,0,0,1,0,0,0
17886,1,0,0,8,1,1
27842,1,1,1,12,1,1
33165,0,1,0,1,1,0
85315,0,0,0,7,0,0
81539,0,0,0,15,0,1
28669,1,1,1,5,0,1
40868,0,0,1,12,1,1
10061,0,0,1,3,0,0
69927,1,1,0,10,0,1
64351,0,1,1,14,0,1
23186,1,1,1,13,1,1
32277,0,1,1,7,1,1
80097,1,1,0,15,1,1
64004,0,1,1,10,1,1
92005,1,0,0,2,0,0
64138,0,1,1,14,0,1
38666,0,1,0,9,1,1
72644,1,1,1,11,1,1
40289,1,0,0,6,1,1
97470,0,0,0,15,1,1
99741,1,0,0,9,0,1
23619,1,0,0,8,0,0
72629,1,0,1,3,0,1
37368,1,1,1,10,0,1
33192,1,0,0,12,1,1
75731,0,0,0,9,0,0
15625,1,0,1,14,1,1
77239,1,1,0,3,0,1
34787,0,0,0,5,0,0
450,1,1,1,9,0,1
37862,1,1,0,7,1,1
86762,0,1,0,7,0,1
18743,0,0,0,9,1,0
16399,1,1,1,8,1,1
10643,0,1,1,8,0,1
30105,0,1,0,5,1,1
85494,1,1,0,13,1,1
61705,1,1,1,10,0,1
43328,1,1,1,12,0,1
11642,1,1,1,3,1,1
250,1,1,0,6,1,1
99248,1,1,0,6,1,1
17272,1,1,1,3,0,1
31465,0,1,0,13,0,1
14971,1,0,0,15,1,1
92559,1,1,1,15,0,1
72355,0,1,0,4,0,0
54487,1,1,0,9,1,1
76111,1,0,1,15,1,1
72440,1,1,1,6,0,1
50296,0,1,0,10,1,1
50704,0,1,0,4,1,0
57811,0,1,0,4,1,1
9907,1,1,1,12,0,1
88489,1,1,1,1,0,1
82827,1,0,0,13,0,1
58253,0,1,0,1,1,0
38552,1,1,1,4,0,1
54108,0,0,0,2,1,0
89639,0,1,0,7,1,1
60336,1,0,1,9,0,1
57998,1,1,1,8,1,1
26211,1,1,0,7,1,1
47149,1,1,0,12,1,1
74277,0,1,1,7,1,1
83542,0,1,0,3,0,0
57879,0,1,0,2,1,1
98073,1,0,0,4,1,1
65871,1,0,1,15,1,1
15195,1,0,0,7,1,1
48042,0,1,0,8,0,1
48411,1,1,1,3,0,1
3380,1,0,0,14,1,1
15392,0,0,0,9,1,0
12839,0,0,1,14,1,1
55035,0,1,0,15,1,1
4388,1,0,1,14,0,1
13122,1,1,0,12,1,1
16111,1,0,0,0,0,0
32025,0,0,0,6,0,0
43164,0,0,1,4,0,0
32953,0,0,0,4,0,0
31286,1,0,0,8,0,1
97318,1,0,0,15,1,1
67371,0,1,0,1,1,1
84423,0,0,1,12,1,1
64360,1,0,0,10,0,1
16640,1,1,1,9,1,1
79454,1,0,0,6,1,1
30049,1,1,1,12,1,1
41066,1,1,1,11,0,1
8899,0,0,0,13,0,0
17154,0,1,0,13,1,1
94610,0,1,1,11,0,1
66607,0,0,1,7,0,1
73010,1,0,1,7,1,1
81590,0,1,0,5,1,1
44641,1,0,0,4,1,0
18695,0,0,0,12,1,0
44781,0,1,1,10,0,1
20492,0,0,0,8,1,0
63756,1,1,1,6,0,1
56449,0,1,1,9,0,1
51907,0,0,0,9,0,0
33591,1,1,0,0,1,1
23128,0,1,0,11,0,1
97360,0,1,0,14,0,1
75565,1,1,1,9,0,1
2833,1,0,1,11,0,1
13975,0,1,1,2,1,1
97854,1,0,1,5,0,1
83098,0,0,1,11,0,1
13574,0,1,0,5,0,0
23318,1,1,1,10,1,1
57740,0,1,1,9,1,1
7462,1,0,1,14,1,1
7556,1,1,0,2,1,1
76164,0,1,0,10,1,1
19873,0,1,0,10,0,1
84789,0,0,0,14,1,1
68617,0,1,1,9,1,1
44450,0,1,0,10,0,1
89016,1,1,1,4,1,1
76480,0,1,1,12,0,1
93008,0,1,1,10,0,1
12349,1,1,0,11,1,1
28174,1,1,0,7,0,1
10214,1,0,0,10,0,1
49477,0,0,0,5,1,0
53952,1,0,1,9,1,1
70093,0,1,1,6,1,1
57849,1,1,1,13,0,1
79354,0,1,0,15,1,1
13546,0,1,0,5,1,1
67386,0,1,0,7,1,1
3595,1,0,1,11,0,1
10796,1,0,0,10,0,0
19242,0,0,1,15,0,0
58899,0,0,0,8,0,0
72032,1,0,1,7,1,1
6358,0,1,1,2,0,0
78315,0,0,0,9,1,0
80684,1,0,1,5,0,1
47365,0,0,1,15,0,1
49029,1,0,1,2,1,1
96168,0,1,0,1,1,1
44474,0,1,1,5,0,1
93953,1,0,1,6,0,1
5592,1,1,1,15,1,1
98835,0,1,1,1,1,1
16415,1,1,1,14,1,1
24586,1,1,1,8,0,1
10445,1,0,1,10,0,1
43081,1,1,1,13,0,1
46177,1,0,1,13,1,1
9935,1,1,0,0,0,1
88978,1,0,0,2,0,0
47567,1,0,0,14,1,1
58288,0,0,1,12,1,1
32817,0,0,0,15,1,1
15535,1,1,1,6,1,1
26337,0,0,0,14,0,0
11606,1,1,0,9,1,1
93398,0,1,0,3,0,0
31129,1,0,1,11,1,1
17109,0,0,1,12,1,1
53943,1,0,0,10,0,1
61157,1,0,0,4,1,1
7363,0,0,1,5,0,0
93073,0,1,1,2,1,1
83338,1,0,1,2,0,1
76206,0,0,1,1,0,0
6058,1,0,1,0,1,1
38067,1,1,0,12,1,1
9664,0,0,1,13,1,1
26841,1,0,1,10,1,1
17239,1,0,1,7,1,1
35158,1,0,0,3,0,0
50451,1,0,0,10,1,1
20985,1,1,1,9,1,1
11902,1,1,0,6,1,1
6724,1,1,1,9,0,1
56582,0,1,1,12,1,1
52605,0,0,1,9,0,1
66193,1,1,0,4,0,1
49015,1,1,0,6,1,1
5376,0,0,0,10,1,0
59998,0,0,1,10,0,1
80905,1,1,1,9,1,1
48381,1,0,1,9,0,1
62305,1,0,0,15,0,1
82547,1,0,0,1,0,0
2582,1,1,1,4,1,1
53888,1,0,0,6,1,1
68975,1,1,0,14,1,1
46537,1,1,0,7,1,1
39224,0,1,1,6,1,1
62988,1,1,1,3,1,1
45337,0,1,0,9,0,1
58083,1,1,0,6,1,1
91348,1,0,0,7,0,1
87896,0,0,0,3,1,0
94125,1,0,0,0,0,0
85675,1,1,0,9,1,1
84759,0,0,0,1,0,0
23140,0,1,1,5,1,1
1314,1,0,1,9,1,1
68823,1,0,1,8,0,1
43443,0,1,1,5,0,1
38769,0,0,1,13,1,1
52638,0,0,0,15,1,1
995,1,1,0,14,1,1
39676,0,1,1,7,0,1
61100,1,0,1,9,0,1
48274,0,0,0,15,0,0
98107,1,1,1,6,0,1
10830,1,1,0,3,0,1
66355,0,0,0,10,1,0
89267,0,1,0,14,0,1
17394,1,1,0,14,1,1
51997,1,0,0,2,0,0
45258,0,0,0,15,0,0
53691,0,0,1,11,1,1
49579,1,0,0,11,0,1
70519,1,0,0,0,0,0
60786,1,1,0,7,1,1
20432,1,0,0,1,1,1
2150,0,0,0,3,0,0
78452,0,0,0,12,1,1
70847,0,0,0,9,0,1
41899,1,0,1,4,0,1
39487,1,0,0,13,1,1
45243,1,1,1,13,0,1
49443,0,1,0,7,1,1
60789,0,1,1,4,1,1
33522,0,1,0,14,1,1
70306,0,0,1,12,0,1
24762,0,1,0,10,1,1
27862,0,0,1,7,0,1
31469,1,1,1,14,1,1
34383,1,1,1,3,1,1
26724,1,1,1,1,0,1
2225,1,1,1,4,0,1
30249,1,0,1,10,1,1
94938,1,1,0,11,0,1
94512,1,0,0,1,0,0
936,1,0,0,2,0,0
28768,1,1,0,15,1,1
966,1,0,0,8,1,0
65926,1,0,0,3,0,0
25256,1,1,1,12,0,1
53318,1,0,0,9,0,1
12355,1,1,1,15,0,1
92223,0,0,1,13,1,1
12599,0,0,0,15,1,0
9844,1,0,0,10,0,0
77043,0,1,0,9,0,1
31619,1,1,1,4,0,1
97808,1,0,0,13,0,1
44742,1,1,0,8,1,1
30002,1,1,1,5,1,1
81183,1,0,0,2,1,1
49907,0,1,1,11,0,1
780,1,1,1,8,0,1
11542,0,1,1,13,0,1
11846,1,0,1,12,0,1
54338,1,0,0,5,1,1
18298,1,1,1,15,0,1
22016,1,1,1,9,1,1
47433,1,0,1,6,1,1
17858,1,0,1,10,1,1
57800,1,1,0,9,1,1
91233,0,1,1,5,1,1
38300,1,0,1,12,1,1
47943,0,0,0,0,1,0
57569,1,0,1,15,0,1
31822,1,0,1,12,0,1
78472,1,1,1,1,1,1
77933,0,0,0,11,0,1
5906,1,1,1,3,0,1
34013,0,0,1,11,1,1
89170,0,1,0,15,0,1
54622,0,0,0,11,1,1
59781,0,1,1,15,0,1
94733,1,1,0,9,0,1
3060,1,0,0,7,0,1
21089,1,1,1,7,1,1
24530,1,1,0,6,1,1
56402,1,0,0,6,1,1
75774,0,0,1,10,0,1
15036,1,1,1,12,1,1
15072,1,1,1,5,1,1
77454,0,0,1,3,0,0
15428,0,1,0,12,1,1
18170,1,1,0,15,0,1
21971,1,1,0,5,1,1
81287,0,1,0,15,0,1
50424,1,1,1,13,1,1
22022,0,0,0,9,0,0
29570,1,0,1,15,0,1
15069,1,1,0,14,0,1
13523,0,1,0,14,1,1
11501,1,0,0,6,1,1
83038,1,0,0,6,0,1
74820,1,1,0,10,1,1
75169,1,0,0,13,0,1
86069,0,0,0,4,1,0
99907,1,1,0,8,1,1
59343,0,0,1,8,1,1
64068,1,0,0,14,1,1
70148,1,0,1,6,1,1
42418,1,1,0,15,1,1
6121,0,1,0,3,0,0
59936,0,1,0,4,1,1
36016,0,1,1,2,1,1
6887,1,1,0,13,0,1
242,0,1,0,4,0,0
89226,1,0,0,10,0,1
91068,0,1,0,7,1,1
95882,0,0,1,11,1,1
50264,0,0,0,0,0,0
46130,0,0,1,14,0,0
13268,0,0,1,11,1,1
18427,0,1,0,7,1,0
86398,1,0,0,12,1,1
31470,1,1,0,7,1,1
9407,0,1,1,4,1,1
55263,1,0,1,2,0,1
8951,0,1,0,1,0,0
66502,1,1,1,12,0,1
70571,0,1,0,9,0,1
26733,0,1,1,2,1,1
95777,0,0,0,2,1,0
59524,0,1,0,3,0,0
92046,0,0,1,11,1,1
48841,0,1,0,0,1,0
35749,0,1,0,15,1,1
47302,0,1,0,11,0,1
13587,0,0,0,1,0,0
6126,1,1,1,4,0,1
72565,1,0,1,7,1,1
35654,0,1,0,1,0,0
67703,0,1,0,14,1,1
42999,0,1,0,11,0,1
73999,1,0,1,11,1,1
96105,0,0,0,13,0,0
71081,1,0,1,0,1,1
13724,0,0,1,15,0,0
93377,1,0,0,7,1,1
60191,0,0,0,12,0,1
74525,0,1,0,7,1,1
41388,1,1,1,14,1,1
9889,0,0,0,4,0,0
59025,1,1,1,3,1,1
59333,1,1,1,3,0,1
90022,1,0,0,10,0,1
93312,0,1,1,1,1,1
22889,0,1,1,7,0,1
13457,0,0,0,1,0,0
26069,1,1,0,8,0,1
8550,0,1,0,2,1,0
5696,1,0,0,13,1,1
3964,1,1,0,11,0,1
36142,1,1,0,1,0,1
65490,1,1,0,2,1,1
18087,1,0,0,0,1,0
62973,1,1,1,12,1,1
3516,1,0,0,8,0,0
69493,1,0,0,3,0,0
35034,0,0,1,11,0,1
31105,1,1,0,11,0,1
24772,1,1,0,15,0,1
7462,0,0,0,15,0,0
80595,0,0,1,5,1,1
2972,0,0,0,11,0,0
92445,1,0,1,9,1,1
20744,1,1,1,5,1,1
87332,0,1,1,9,0,1
95629,0,1,0,5,1,1
29053,0,1,0,10,0,1
45557,1,0,0,10,1,1
34861,0,0,0,11,1,0
94526,0,0,1,14,1,1
54366,1,1,1,12,0,1
75866,0,0,1,2,0,0
2731,1,1,0,2,1,1
49312,0,0,0,10,1,0
56634,0,1,0,1,0,0
27041,0,1,1,9,1,1
12671,0,1,1,4,0,0
600,1,0,1,15,0,1
3473,0,0,1,2,1,0
40516,1,1,1,8,0,1
50893,0,1,1,11,0,1
5948,1,1,1,8,0,1
74056,0,0,0,2,1,0
54362,0,0,1,13,1,1
30986,1,1,0,12,0,1
74970,0,0,1,5,0,1
25360,0,0,1,2,1,0
82311,0,1,1,2,0,1
73023,1,1,1,14,0,1
77114,1,0,1,4,0,1
77161,0,0,0,9,1,1
34720,1,1,1,1,0,1
52918,0,1,0,12,1,1
6560,1,1,1,0,1,1
40856,1,1,0,7,0,1
97581,1,1,1,13,0,1
57996,0,1,1,11,0,1
20936,0,1,1,4,0,1
25365,0,0,0,1,1,0
47335,0,1,1,14,1,1
89382,0,0,1,15,1,1
62304,1,1,0,8,0,1
3697,1,0,0,6,0,0
88926,0,1,1,0,0,1
17442,0,0,0,8,1,0
55649,1,1,1,8,0,1
39702,1,0,0,11,1,1
89807,0,1,0,10,1,1
36391,1,1,0,4,0,0
78747,1,1,0,0,1,1
34103,1,1,1,1,0,1
95330,0,1,1,9,0,1
23841,1,0,1,4,1,1
24095,1,0,0,11,0,1
55212,1,1,1,9,1,1
61774,0,0,1,6,0,1
69546,1,1,0,4,0,1
45014,1,1,0,10,0,1
64008,1,0,1,1,0,1
35951,0,0,0,15,0,0
80641,1,1,1,13,1,1
711,0,0,1,0,1,0
25079,0,0,0,7,1,0
16999,0,1,1,5,0,1
39185,1,1,1,13,0,1
64348,1,0,0,12,0,1
29502,0,0,0,5,0,0
93306,0,1,1,1,0,1
85764,0,0,0,13,1,1
16299,1,1,0,6,0,1
55264,0,1,0,13,0,1
94310,0,1,0,3,1,1
79923,0,1,0,11,1,1
21120,0,1,0,15,1,1
458,0,0,0,15,0,0
67170,0,0,1,7,1,1
34719,1,0,0,5,0,1
47314,1,1,0,3,0,0
18239,0,1,1,14,1,1
48940,1,0,0,12,1,1
35729,1,1,1,5,0,1
91348,0,0,0,13,1,1
89018,1,0,1,11,0,1
63418,1,0,1,14,0,1
34390,1,0,0,10,0,1
86832,0,1,1,12,0,1
80435,0,0,0,15,1,1
9912,1,1,0,10,1,1
66544,0,1,1,7,0,1
58320,1,0,1,14,1,1
65291,0,0,1,13,0,1
72071,0,0,1,6,1,1
47724,0,0,1,10,1,1
93936,1,0,0,7,0,1
46648,1,1,0,1,0,1
18508,1,0,1,6,0,1
51597,0,1,0,10,0,1
6194,0,1,1,4,1,0
69615,0,1,1,5,0,1
13673,1,1,1,13,0,1
52249,1,1,1,4,0,1
79074,1,1,0,6,0,1
93735,1,1,0,5,1,1
99816,1,1,1,9,1,1
68615,0,0,1,4,0,0
26301,1,0,1,8,0,1
90617,1,0,0,11,1,1
80854,0,1,0,9,0,1
50897,1,1,0,0,1,1
81438,1,0,1,6,0,1
58927,0,0,0,5,0,0
5426,1,1,1,4,0,1
33525,0,1,1,4,0,1
42387,0,1,1,11,0,1
68964,0,0,0,5,1,1
70490,1,0,1,7,0,1
43493,1,1,0,15,0,1
87779,1,1,0,7,0,1
50087,0,1,1,9,0,1
49246,1,1,0,9,0,1
67457,0,0,0,0,0,0
87962,0,1,0,6,1,1
97996,0,0,1,10,0,1
9700,0,0,1,2,0,0
53529,1,1,1,13,1,1
51152,0,0,0,1,0,0
66007,0,1,1,2,1,1
50092,1,0,1,5,0,1
97978,1,1,0,9,1,1
72651,0,0,0,0,1,0
71865,0,1,0,11,0,1
84763,0,0,0,7,1,1
15123,0,0,1,2,1,0
32958,0,0,1,10,1,1
88088,0,0,1,2,0,0
63782,1,1,1,4,1,1
56239,0,0,1,7,0,1
36364,1,0,1,15,1,1
47120,1,1,0,5,0,1
18450,0,1,0,2,0,0
82888,0,1,0,1,1,1
70836,1,0,1,12,0,1
96205,1,0,1,2,1,1
65920,0,0,0,4,1,0
23580,0,1,1,1,0,1
30475,0,1,1,7,0,1
67980,1,1,1,14,0,1
85103,1,0,1,8,0,1
85778,1,1,0,8,1,1
67781,1,1,1,15,1,1
964,0,1,0,7,0,1
84441,1,0,0,5,0,1
79008,0,0,1,10,0,1
88603,1,1,0,5,1,1
32038,0,0,0,4,0,0
19349,0,0,1,5,1,1
73972,0,1,0,6,1,1
61889,1,0,0,13,0,1
23939,1,0,1,14,0,1
49672,1,0,0,0,0,0
66207,1,0,0,5,1,1
78718,0,0,0,15,0,1
70785,0,1,1,11,0,1
56324,0,1,1,11,0,1
17648,1,1,0,2,1,1
71367,1,1,0,0,0,1
68590,0,0,1,6,1,1
47583,0,0,1,8,1,1
55617,1,1,1,6,1,1
73180,1,0,1,15,1,1
75813,1,1,0,3,0,1
91760,0,0,0,12,1,1
80581,0,0,1,0,0,0
61922,1,0,0,8,0,1
10590,0,1,1,9,0,1
84024,1,1,0,6,1,1
4505,0,0,0,11,0,0
20736,0,1,1,11,1,1
76918,0,0,0,2,1,0
76506,1,1,1,7,0,1
53047,0,1,0,13,0,1
9587,1,1,0,8,1,1
49524,1,0,1,14,1,1
3684,1,0,1,2,1,1
88824,0,1,1,11,0,1
32639,1,0,1,10,0,1
23494,1,1,1,6,1,1
97900,0,1,0,7,0,1
27202,0,0,0,11,0,0
15812,0,1,0,1,1,0
81452,1,1,1,15,0,1
36835,1,0,0,1,1,0
70979,0,1,1,5,1,1
91620,1,1,0,0,0,1
76253,0,1,1,8,0,1
34552,0,1,1,10,1,1
65474,1,0,1,11,1,1
36751,1,0,0,7,0,1
31007,1,1,0,4,0,1
1376,0,1,1,4,1,1
39426,1,0,1,3,0,0
28341,1,1,0,14,1,1
47412,1,1,1,0,1,1
46118,0,0,1,11,1,1
63996,1,0,1,9,1,1
22064,1,1,1,2,0,1
45139,0,1,1,9,1,1
84594,1,1,1,11,1,1
22030,0,0,0,7,1,0
27700,0,1,0,3,0,0
71984,0,0,1,2,0,0
81115,0,0,1,9,0,1
96777,1,1,0,4,0,1
4707,1,1,1,14,1,1
58406,0,0,1,13,1,1
63231,0,0,1,9,1,1
34153,0,1,0,0,0,0
37686,1,0,1,15,1,1
56518,1,0,0,11,0,1
73572,1,1,0,5,1,1
29013,1,0,1,7,1,1
85094,1,1,0,2,0,1
38057,0,1,1,8,1,1
42127,0,0,0,0,0,0
37077,1,0,1,0,0,0
19850,0,1,0,10,1,1
65425,1,1,0,10,0,1
7445,1,1,0,15,0,1
32878,1,0,0,7,1,1
32496,0,0,1,3,0,0
51103,1,1,0,1,0,1
63175,1,0,1,1,0,1
31028,1,1,0,5,1,1
15782,1,0,0,1,1,0
20415,1,0,0,5,1,1
90008,1,0,0,11,0,1
14176,0,1,0,10,1,1
96200,0,0,1,11,0,1
5275,1,1,1,15,0,1
24561,1,1,1,8,0,1
69717,0,1,1,8,1,1
194,1,0,0,11,0,0
94603,0,1,0,15,0,1
37210,1,1,1,3,0,1
86462,0,0,0,5,0,0
14131,1,0,0,1,1,0
69020,1,0,1,7,0,1
27459,1,0,1,1,1,1
97549,1,1,0,8,0,1
39933,0,0,0,3,0,0
50606,0,0,0,5,1,0
83805,1,1,1,3,0,1
72185,1,1,0,14,1,1
72200,1,1,1,13,1,1
31651,0,1,1,11,1,1
52147,0,0,1,0,0,0
960,1,0,0,10,0,0
72669,0,0,0,14,1,1
18241,1,1,0,7,1,1
12146,1,0,0,10,1,1
64099,0,1,0,12,0,1
43929,1,1,1,3,0,1
1598,1,0,1,1,1,1
74144,0,1,0,4,0,0
58507,0,0,1,9,1,1
17426,1,0,1,1,1,1
11251,1,1,0,4,1,1
26066,1,1,0,7,0,1
34998,1,1,0,3,1,1
47976,1,0,1,11,0,1
22284,1,1,0,14,0,1
26273,1,0,0,3,0,0
81496,0,1,0,10,0,1
59090,1,0,1,6,0,1
71720,1,1,0,0,1,1
87069,0,1,0,1,1,1
91395,1,0,1,0,0,1
86656,1,1,0,0,1,1
30399,1,0,1,15,0,1
26166,1,0,0,7,1,1
64316,1,0,0,11,1,1
82050,1,0,1,1,1,1
3962,1,0,0,10,1,1
11607,1,0,1,7,0,1
41044,1,1,0,6,0,1
71056,0,0,1,4,1,1
86113,0,1,0,3,0,0
19173,0,1,1,13,1,1
97828,1,0,0,3,0,0
3533,1,0,0,7,0,0
10517,1,0,1,11,0,1
64514,1,0,0,6,0,1
53654,0,1,1,7,0,1
8768,0,1,1,10,1,1
56140,1,0,1,10,1,1
97416,0,0,1,14,0,1
68087,1,0,1,1,0,1
57713,1,1,1,14,0,1
38690,0,0,1,14,0,1
14933,0,0,1,13,1,1
3365,0,1,0,14,0,0
42577,0,0,0,3,1,0
11281,1,0,1,12,0,1
44034,0,0,0,5,0,0
40478,1,1,1,5,0,1
26688,0,1,0,14,1,1
71337,0,1,0,6,1,1
53859,1,0,0,7,1,1
82496,0,0,0,4,0,0
4913,0,0,1,10,0,0
14372,1,0,0,9,0,0
98316,1,0,0,9,1,1
49768,0,1,0,9,1,1
16093,1,1,1,6,0,1
7726,0,0,1,9,1,1
41582,1,1,0,15,1,1
23680,0,1,0,0,0,0
61033,0,0,1,13,0,1
45929,0,0,0,9,1,0
40440,1,1,0,3,1,1
52010,0,0,0,10,1,1
62293,0,0,1,4,1,1
44023,1,1,0,9,1,1
70339,0,0,1,11,0,1
36860,0,1,1,5,1,1
78112,0,1,1,1,1,1
11476,1,0,1,14,1,1
68925,1,0,0,11,0,1
12237,1,0,1,4,0,0
63469,1,1,0,3,0,1
95070,0,1,1,3,0,1
5871,0,1,1,1,0,1
86474,1,0,1,6,1,1
25337,1,1,1,14,0,1
19671,0,1,0,0,0,0
71210,1,1,1,4,1,1
32189,0,0,1,10,1,1
17149,0,1,0,3,1,0
11387,1,1,0,14,1,1
43659,0,0,1,4,0,0
12848,1,1,1,15,0,1
18937,1,1,1,5,1,1
59512,1,0,0,15,0,1
62837,1,0,1,11,0,1
13591,1,0,1,2,1,1
60520,1,1,0,7,0,1
50407,0,1,0,13,1,1
44952,0,0,0,15,0,0
78228,1,1,0,14,0,1
53288,0,0,1,10,1,1
11966,0,0,0,4,0,0
69732,1,1,1,6,0,1
39386,1,1,1,2,0,1
67002,1,0,1,1,1,1
7063,0,1,0,9,0,0
56685,1,1,1,12,1,1
71549,0,0,1,4,0,1
50509,1,1,0,9,0,1
1620,0,0,0,15,1,0
11197,0,1,1,13,0,1
66870,1,1,1,11,0,1
55775,0,1,0,8,1,1
75643,1,0,0,15,1,1
76156,1,0,0,8,1,1
10354,0,0,1,2,1,0
7017,1,0,1,14,1,1
96282,1,1,1,9,1,1
4730,1,1,0,15,0,1
6865,1,0,1,15,0,1
66369,0,1,1,4,1,1
33779,0,0,0,4,1,0
23089,1,0,1,5,0,1
11162,0,0,1,13,1,1
86694,1,0,0,11,0,1
99122,0,0,0,14,1,1
39600,1,0,1,12,1,1
19125,1,0,1,14,1,1
69601,0,0,1,13,1,1
35532,1,0,1,12,1,1
96347,0,1,0,10,0,1
9006,0,1,0,3,1,0
28859,1,1,0,1,0,1
12150,0,0,0,3,0,0
17127,1,0,0,5,1,1
61304,0,1,1,13,1,1
21329,0,1,0,12,1,1
7972,1,1,0,14,0,1
26402,1,0,1,3,0,1
56625,0,0,1,8,0,1
9657,0,1,1,0,1,1
85672,0,0,1,8,0,1
51392,0,1,1,13,1,1
70895,0,0,1,15,0,1
70263,1,1,1,12,0,1
47987,1,0,1,9,0,1
72776,0,1,0,9,1,1
82756,1,1,0,14,0,1
4779,0,0,0,15,1,0
70951,1,1,1,0,0,1
7447,1,0,1,3,0,1
60179,0,0,0,1,0,0
85799,0,1,0,7,0,1
22677,0,1,0,14,0,1
8483,0,0,1,7,0,0
55964,1,1,1,3,0,1
28048,0,0,1,2,0,0
18612,1,0,1,5,1,1
76382,0,0,0,12,0,0
63927,0,0,0,5,0,1
37289,1,1,0,6,0,1
68662,1,1,0,5,0,1
23693,1,0,1,11,1,1
73200,0,0,0,3,1,0
66624,0,1,0,8,0,1
14869,0,1,1,5,0,1
7181,1,1,0,13,1,1
80947,1,0,0,1,0,0
3909,1,0,0,7,1,1
76090,1,1,0,10,0,1
42846,0,0,0,13,0,0
29022,0,1,1,1,1,1
28433,1,0,1,11,0,1
94448,0,1,1,6,1,1
4306,0,1,0,3,1,0
54917,0,1,0,9,0,1
22373,0,0,1,15,0,1
62161,1,1,0,13,0,1
42999,1,0,0,0,1,0
5350,1,0,1,12,1,1
59402,1,0,0,0,1,1
17494,1,1,0,2,0,0
87791,1,0,1,0,1,1
18269,1,0,1,14,0,1
50546,1,0,1,13,1,1
71198,0,0,1,1,1,0
14644,1,1,1,1,1,1
23072,0,0,0,10,0,0
14984,1,0,0,10,1,1
66103,1,1,0,2,1,1
59398,1,0,1,9,1,1
48353,0,0,1,2,0,0
23537,1,0,0,5,1,1
91467,0,1,0,6,0,1
54696,0,1,1,13,1,1
38309,0,0,0,7,1,0
75951,1,1,1,14,1,1
74450,0,1,0,8,0,1
48845,1,0,0,11,1,1
21905,0,1,0,5,0,1
31282,0,0,1,4,1,0
48553,0,0,0,10,1,0
48978,1,0,1,3,0,1
65559,0,1,1,4,0,1
66607,1,1,1,9,0,1
95591,1,1,0,15,0,1
88967,0,1,0,12,0,1
46944,0,1,0,6,0,1
25752,0,0,1,2,1,0
64386,1,0,1,12,0,1
48548,1,1,0,9,1,1
40481,1,0,0,14,1,1
37931,0,1,1,4,0,1
27334,1,1,1,2,1,1
967,1,1,1,5,1,1
99091,0,0,0,12,1,1
64402,0,1,1,15,1,1
3617,0,0,1,9,1,0
85796,1,1,0,15,0,1
15744,1,1,0,11,1,1
57256,1,1,0,11,0,1
21444,0,0,1,14,0,1
21505,0,1,1,13,1,1
38092,1,0,0,5,0,1
98748,0,1,1,9,1,1
12661,1,0,0,4,1,0
63656,1,1,0,3,0,1
66079,0,0,0,13,1,0
15378,0,0,1,11,1,1
18320,1,1,0,9,0,1
29244,0,0,0,9,0,0
17167,0,1,0,2,0,0
99365,1,0,0,3,0,1
77848,0,1,0,8,0,1
39637,0,0,0,6,0,0
87996,1,0,0,4,1,1
45691,1,0,0,2,0,0
1932,0,0,1,5,0,0
28151,1,1,0,14,0,1
46607,1,1,0,7,1,1
99899,1,0,1,3,0,1
47449,1,0,0,10,1,1
50534,1,1,1,14,0,1
53483,1,1,0,2,1,1
23600,0,1,0,12,1,1
86417,0,0,0,12,1,1
13432,0,0,1,6,1,1
78082,1,0,0,13,1,1
93619,1,1,1,15,1,1
67132,1,0,1,3,0,1
64238,1,0,0,0,0,0
9042,1,0,0,12,1,1
39782,0,0,1,14,0,1
86881,1,1,1,10,0,1
56514,0,1,1,10,1,1
60348,0,0,0,9,0,0
56550,0,1,1,15,0,1
88576,1,1,1,5,0,1
34623,1,1,1,9,1,1
3789,0,0,1,11,0,0
49982,0,1,1,11,1,1
7498,0,0,0,9,0,0
40065,0,1,0,0,1,0
60512,1,1,1,0,1,1
3014,1,1,1,10,0,1
13214,0,1,1,10,0,1
39358,1,1,0,15,0,1
28159,1,1,0,9,1,1
81963,0,0,1,8,0,1
69707,1,1,0,11,0,1
66244,1,1,1,6,1,1
33033,1,0,0,5,1,1
86713,1,1,1,1,0,1
60719,0,0,0,9,1,1
41866,0,0,1,8,1,1
33712,0,1,0,3,0,0
3731,0,1,1,15,1,1
84893,0,0,0,8,0,0
33968,1,0,0,15,0,0
11100,1,1,0,13,1,1
52121,0,0,0,3,1,0
11929,0,0,1,10,1,1
55526,0,0,0,5,0,0
57702,1,1,0,15,1,1
41582,1,1,0,8,0,1
62388,1,1,0,1,0,1
33258,1,1,1,3,0,1
51017,0,1,1,9,0,1
39083,0,0,1,10,1,1
36018,0,1,1,13,1,1
13259,0,1,0,11,1,1
95681,1,1,0,1,0,1
84130,0,0,1,6,1,1
75572,0,0,0,7,0,1
89983,1,1,1,15,0,1
22838,1,1,0,2,1,1
23940,1,1,0,0,0,1
84917,0,0,1,6,1,1
6625,1,1,1,4,0,1
22398,0,0,1,14,1,1
29523,0,0,1,9,1,1
17165,1,0,0,9,0,0
23741,1,0,0,9,1,1
81060,1,0,1,14,0,1
61557,0,1,1,6,1,1
96582,1,0,0,1,0,0
30881,1,1,0,0,1,1
81319,1,1,1,11,0,1
5490,0,1,0,15,1,1
17390,0,1,1,4,1,0
41160,0,0,1,8,1,1
37183,1,1,1,13,0,1
96682,1,0,1,1,0,1
7252,0,0,0,15,1,0
92631,1,1,0,15,0,1
46829,1,1,1,3,0,1
45923,0,0,1,5,0,1
35855,0,0,0,13,0,0
65388,0,1,0,9,0,1
49063,0,1,0,0,0,0
92860,1,1,1,0,1,1
86105,1,1,0,6,0,1
42458,0,0,1,2,1,0
23432,0,1,0,0,0,0
51021,1,1,0,3,1,1
56770,1,0,1,3,1,1
26297,1,1,1,15,1,1
78787,1,0,1,11,0,1
82765,1,0,0,10,1,1
84983,0,1,0,9,1,1
10478,1,1,0,4,1,1
68662,1,1,0,2,0,1
14207,1,1,0,14,1,1
33505,0,0,0,14,0,0
51605,0,0,1,9,1,1
95008,1,1,1,10,0,1
24359,0,1,0,13,0,0
51864,0,0,0,15,1,1
86308,1,1,1,12,1,1
16495,0,0,0,3,0,0
3614,0,1,0,7,1,1
25123,0,1,1,4,1,1
2959,0,0,0,14,1,0
2672,1,0,0,9,1,0
43858,0,0,1,13,1,1
78197,1,0,1,12,1,1
77568,1,0,0,0,1,1
41499,0,1,1,15,0,1
81718,1,1,1,0,0,1
95285,0,1,1,14,0,1
28896,1,1,0,9,1,1
88325,1,1,0,6,1,1
87532,1,0,0,6,0,1
64611,0,1,1,9,0,1
73084,0,0,1,8,1,1
23000,0,0,1,13,0,1
29812,0,0,1,8,1,1
6217,1,0,0,1,1,0
99159,0,0,0,1,0,0
82665,0,0,1,5,1,1
99972,1,0,0,11,1,1
16219,0,1,1,0,0,0
44837,1,0,0,8,1,1
47370,0,0,1,7,0,1
54286,1,1,1,0,1,1
1403,0,0,1,10,1,1
56994,0,1,0,4,0,1
38861,1,1,1,10,1,1
36771,0,1,1,6,1,1
85133,1,0,1,2,0,1
43942,1,0,1,6,0,1
72423,1,1,0,0,0,1
77760,1,0,1,13,0,1
48987,1,1,0,1,0,1
39154,0,1,1,7,0,1
39316,1,0,1,7,0,1
67792,0,1,1,3,0,1
54108,0,0,0,13,0,0
28252,1,0,1,12,1,1
76685,1,1,1,15,1,1
19019,0,1,1,4,0,0
59794,1,0,0,11,0,1
53658,0,0,1,9,0,1
20193,0,1,1,11,1,1
63791,0,0,0,13,0,0
37256,0,0,1,0,0,0
45798,0,0,1,15,1,1
59393,1,1,1,4,0,1
83522,1,1,1,4,1,1
81989,1,1,0,12,1,1
6105,1,1,0,5,0,1
82689,1,0,0,6,0,1
68487,0,1,0,3,0,0
36139,0,0,1,2,1,0
77287,0,1,0,10,1,1
54486,0,1,1,8,0,1
13119,0,1,0,5,1,0
20314,1,1,0,1,1,1
3661,0,1,1,3,1,1
54209,1,1,1,3,0,1
31507,0,1,1,3,1,1
41824,1,1,0,15,0,1
83139,0,0,1,3,0,1
85500,0,1,1,14,0,1
26767,0,1,0,7,1,1
59310,0,0,1,9,0,1
7987,1,1,1,12,1,1
76797,1,0,0,2,1,0
51913,0,0,1,13,0,1
66267,1,1,1,14,1,1
86905,1,1,0,14,1,1
90781,0,0,1,0,0,0
54254,1,1,0,2,0,1
88212,0,1,1,11,1,1
91461,0,0,1,11,0,1
1327,0,0,1,11,0,0
80505,1,0,0,15,1,1
36899,1,0,0,6,1,1
36452,1,0,0,5,0,1
16909,0,0,1,7,1,1
88964,0,1,1,0,1,1
42436,1,1,1,3,1,1
47478,0,0,0,8,1,1
58933,1,0,1,6,1,1
75049,0,0,1,2,0,0
21658,1,1,0,3,0,1
56716,0,1,1,7,0,1
31342,1,0,1,7,0,1
81307,1,0,1,3,0,1
4470,1,1,0,4,0,0
7281,1,1,0,3,0,1
6942,1,1,1,3,1,1
78687,0,1,1,14,1,1
81263,0,1,0,14,1,1
25328,0,0,0,2,0,0
16612,1,1,1,15,1,1
31970,0,0,0,4,1,0
57227,1,1,0,4,1,1
79179,1,1,1,0,0,1
31214,0,1,1,6,0,1
9065,1,0,1,14,1,1
74299,1,1,1,10,0,1
59646,0,1,0,0,0,0
61249,0,0,1,10,1,1
52569,0,0,1,0,0,0
4034,0,0,1,14,0,1
47274,0,0,0,6,1,0
28797,1,0,1,7,0,1
2917,0,1,0,0,0,0
85935,0,1,0,9,1,1
48549,1,0,1,2,0,1
17243,0,0,1,11,1,1
56400,0,0,0,9,0,0
32497,0,1,0,15,0,0
61791,0,0,1,11,1,1
60952,0,1,1,15,1,1
35271,1,0,0,7,0,1
30821,1,0,1,13,1,1
20705,1,1,0,4,0,1
58362,1,0,0,14,1,1
59233,1,1,1,11,1,1
35885,1,0,0,14,0,1
84687,0,1,0,9,0,1
29950,0,0,0,11,0,0
26354,1,0,1,8,1,1
25087,0,1,0,9,1,1
53028,1,0,1,4,1,1
29843,0,1,0,14,1,1
11355,1,0,1,13,0,1
59078,0,1,0,4,1,0
65609,1,1,0,13,1,1
90607,1,1,0,1,0,1
43386,1,1,0,12,0,1
50750,0,1,0,10,1,1
12321,0,0,0,1,1,0
24570,0,0,1,9,0,1
38255,0,1,0,11,0,1
42930,1,1,0,3,0,1
54942,1,0,1,6,0,1
40700,1,1,0,9,0,1
94048,1,1,0,0,0,1
8484,1,0,1,15,1,1
75614,0,0,1,14,1,1
51360,0,1,0,5,1,1
50518,0,0,1,1,0,0
35984,1,0,0,15,1,1
15989,1,0,0,10,1,1
21705,1,0,0,14,0,0
83837,1,1,1,12,0,1
5051,0,1,0,4,1,0
63638,1,0,0,7,1,1
61807,1,0,0,0,0,0
38654,0,1,0,2,0,0
20219,1,1,0,6,0,1
28433,1,0,0,12,1,1
6970,0,0,1,6,0,0
31365,0,0,0,13,0,0
44286,0,0,0,3,0,0
5868,1,0,1,10,0,1
27247,1,1,0,7,0,1
46837,1,0,0,12,1,1
51111,0,1,0,2,1,1
48462,0,0,0,13,1,1
65580,0,0,1,3,1,1
88953,0,1,0,10,1,1
44022,0,1,1,7,0,1
2880,0,1,0,13,0,1
10505,0,0,1,15,1,1
19979,1,0,0,7,1,1
17698,1,1,0,13,1,1
30116,1,1,0,6,0,1
90192,0,1,1,5,1,1
8569,1,0,0,1,0,0
16557,0,0,0,7,0,0
95125,1,1,0,6,0,1
23225,0,1,1,14,0,1
63168,0,1,1,12,0,1
57952,1,1,0,15,0,1
56119,0,1,0,5,1,1
60871,1,1,1,12,1,1
43777,0,1,0,4,0,0
1782,1,1,1,13,1,1
50436,1,1,0,13,0,1
50539,0,0,1,8,1,1
93046,1,1,0,12,1,1
31865,1,0,1,0,0,1
79455,1,0,1,7,0,1
15400,0,1,1,2,0,0
21834,1,1,1,12,1,1
98726,0,0,1,4,1,1
98179,1,1,0,5,1,1
12797,0,1,1,9,1,1
23221,1,0,0,6,1,1
65978,0,1,0,5,0,1
98392,0,0,1,13,1,1
14412,0,0,1,2,1,0
36375,0,1,0,7,1,1
88285,0,0,0,8,0,1
5586,0,0,0,12,1,0
62127,1,1,1,11,1,1
31504,1,1,1,1,1,1
13230,0,1,1,4,0,1
16208,1,0,1,14,1,1
54249,0,0,1,0,1,0
96544,1,1,0,15,1,1
10765,1,1,1,3,1,1
79683,0,0,0,4,1,0
39598,1,0,1,3,1,1
31675,0,0,0,2,0,0
93916,0,0,1,12,1,1
94363,1,1,0,4,1,1
90773,1,0,0,10,1,1
85810,1,0,0,8,0,1
11592,0,0,1,6,0,1
48300,0,1,1,0,1,1
77440,0,1,1,10,1,1
68224,0,0,1,0,1,1
19066,1,0,1,14,0,1
37244,0,0,1,9,0,1
92705,1,0,1,9,1,1
43765,0,0,0,1,0,0
95441,1,1,0,0,1,1
55469,1,1,1,12,0,1
95357,1,1,0,12,0,1
42491,0,1,1,5,0,1
91320,1,1,0,6,0,1
96479,0,1,0,4,1,1
89156,0,0,0,11,1,1
6977,0,1,1,4,1,1
4555,0,0,1,15,1,1
22708,1,0,1,12,1,1
48245,0,0,0,2,0,0
84170,0,0,1,8,0,1
23836,1,1,1,9,0,1
42728,0,0,1,0,1,1
70409,1,0,0,6,0,1
78625,0,0,1,10,0,1
16984,0,0,0,8,0,0
16446,1,1,0,13,0,1
39500,0,1,1,4,1,1
68606,1,0,0,1,0,0
24751,0,1,0,4,0,0
47163,1,0,1,2,1,1
50140,0,1,1,2,1,1
91131,0,0,0,8,0,0
73977,0,1,0,10,1,1
3496,0,0,1,3,0,0
53417,0,1,0,11,1,1
19279,0,1,0,3,1,0
49728,0,0,0,9,1,0
69431,1,1,1,3,0,1
41780,1,0,1,12,1,1
16821,1,0,0,4,0,0
74491,1,0,1,7,1,1
24099,1,1,1,9,1,1
68335,0,1,0,9,1,1
11914,0,0,0,2,0,0
7625,0,1,1,0,1,1
95887,0,1,1,3,1,1
80877,0,0,1,11,0,1
89763,0,1,0,7,0,1
48210,0,1,0,13,1,1
22445,1,0,1,7,0,1
39313,1,1,1,6,0,1
51692,0,1,0,14,1,1
46728,0,1,1,9,1,1
775,1,0,1,11,0,1
56566,1,0,0,4,1,0
63986,0,0,1,7,1,1
49161,1,1,1,5,1,1
57584,1,0,0,11,1,1
47185,0,0,0,9,0,0
51813,1,1,0,5,0,1
87294,1,0,1,15,1,1
42683,1,1,0,3,0,0
16631,0,1,0,7,0,0
56417,0,1,1,9,1,1
10928,1,0,0,5,0,0
15175,1,0,1,6,1,1
92000,0,0,0,7,0,0
52696,0,1,0,4,1,0
80901,0,0,0,12,1,1
40266,0,0,1,13,1,1
66928,1,0,1,3,1,1
36873,1,1,0,10,0,1
5459,0,0,1,6,1,1
36821,0,1,0,8,1,1
43915,1,0,0,0,0,0
47360,1,1,0,8,0,1
50438,0,0,0,3,0,0
85867,0,0,1,3,0,1
81234,1,1,1,6,0,1
16855,0,1,1,11,1,1
82657,0,1,0,15,1,1
66143,0,0,1,4,1,0
74309,0,0,1,15,0,1
57476,1,1,1,8,0,1
571,0,0,0,14,1,0
28979,1,1,0,5,0,1
70035,0,1,0,4,1,1
35546,0,0,0,3,0,0
83027,1,1,0,8,0,1
80248,1,1,0,0,1,1
95845,1,0,1,0,0,1
85798,1,0,1,7,1,1
26828,1,0,1,7,1,1
19542,1,0,1,5,1,1
23183,0,1,0,9,0,1
21454,0,1,0,2,0,0
55988,0,1,1,3,0,1
79174,0,1,1,0,0,1
84573,0,0,0,2,1,0
82332,0,0,0,10,0,0
18349,1,1,0,9,1,1
20352,0,0,1,3,0,0
13576,1,0,1,4,0,0
3245,0,1,1,4,1,1
29707,1,0,1,5,0,1
13434,1,1,0,10,0,1
11215,0,0,0,13,1,0
23871,1,0,1,9,1,1
35632,1,1,1,2,0,1
86064,0,1,0,12,1,1
8922,0,1,1,4,0,0
16816,0,1,1,10,1,1
63183,1,1,0,7,1,1
72102,1,1,0,12,0,1
93806,1,0,0,7,1,1
26744,0,1,1,4,0,0
45889,1,0,1,14,0,1
55291,0,0,0,1,0,0
91297,0,1,0,13,1,1
92034,0,0,1,5,0,1
47973,0,0,0,2,0,0
54690,0,0,1,4,1,1
54039,1,1,0,9,0,1
7964,0,0,0,0,1,0
89216,1,1,1,7,1,1
35728,0,1,0,6,1,1
7439,0,1,0,2,1,0
41150,1,1,0,1,1,1
25623,1,0,0,2,1,1
44070,0,0,1,5,0,0
27875,0,1,0,6,0,1
35380,0,0,1,1,0,0
12317,1,0,1,9,1,1
25643,1,1,1,4,0,1
53483,0,0,0,12,1,1
5003,1,0,0,14,0,0
94270,0,0,0,5,1,1
17296,1,1,1,13,0,1
31440,0,0,0,15,0,0
18793,1,0,1,3,1,1
22345,1,0,0,8,1,1
11795,0,0,1,8,1,1
58039,0,0,1,1,1,1
52651,1,0,1,11,1,1
11043,1,1,1,1,0,1
91817,0,0,0,9,1,1
74828,1,0,0,12,1,1
45835,1,1,1,3,0,1
96015,0,1,1,6,1,1
8550,1,1,1,6,1,1
36587,1,0,0,15,0,1
42067,0,1,0,11,1,1
28073,0,0,0,13,1,0
83420,0,0,0,2,1,0
10809,1,1,1,6,1,1
7144,0,1,1,9,0,1
45880,1,1,1,5,1,1
90919,1,0,0,2,0,0
87140,1,0,0,14,0,1
41572,0,1,1,0,1,1
83238,1,0,0,6,0,1
91384,0,1,0,11,0,1
89180,0,1,1,0,1,1
65909,0,1,1,13,1,1
46265,1,1,0,5,1,1
49005,0,0,1,12,1,1
83213,1,0,0,3,0,0
80874,1,0,1,3,1,1
76283,0,1,1,6,0,1
72397,1,0,0,15,0,1
60910,1,1,0,11,0,1
37272,1,1,1,13,0,1
54436,0,0,0,4,1,0
97256,1,1,0,13,0,1
51396,0,1,0,13,0,1
95535,0,1,1,5,1,1
13151,0,0,1,8,0,0
26807,0,0,0,13,0,0
20160,0,0,1,0,0,0
83260,1,0,0,7,1,1
70278,0,1,1,1,1,1
18944,0,0,0,14,0,0
18690,1,1,0,2,0,0
47469,0,1,0,15,0,1
9743,1,0,0,13,1,1
83140,1,0,0,9,0,1
86563,0,0,1,11,1,1
78742,0,0,1,3,0,1
3973,0,0,0,11,0,0
3966,1,0,0,2,0,0
35970,1,0,0,11,1,1
97774,1,1,1,6,1,1
26036,1,1,0,9,0,1
94741,1,1,1,13,1,1
81746,0,1,1,6,1,1
83029,0,1,0,1,1,1
53814,1,1,1,0,0,1
42394,1,0,1,7,0,1
86208,1,1,0,10,0,1
41858,0,1,0,14,1,1
73715,0,1,1,6,0,1
73625,1,0,1,13,1,1
26071,0,0,1,15,0,1
55312,0,0,1,5,1,1
50281,0,0,1,0,0,0
37372,0,1,0,1,1,0
9203,1,0,1,9,1,1
98887,1,1,0,10,1,1
6269,1,1,1,15,0,1
81099,0,0,0,1,0,0
13880,1,1,0,5,0,1
95010,1,0,0,8,0,1
6391,1,0,1,10,1,1
91675,0,0,1,3,0,0
19498,1,1,0,7,1,1
36871,1,1,0,2,1,1
93342,0,1,0,6,0,1
64928,0,0,0,6,1,1
24730,1,0,1,6,1,1
92966,1,0,0,4,0,0
50638,1,0,1,6,0,1
55555,0,1,0,4,1,0
97752,0,0,0,14,0,0
3846,1,1,1,8,0,1
11118,1,1,0,4,1,1
56572,1,0,1,8,1,1
6540,1,1,0,9,0,1
23253,1,1,1,3,0,1
14659,0,0,0,1,1,0
8730,0,1,0,12,1,1
13378,0,1,1,6,0,1
45664,1,1,0,3,0,1
91912,1,1,0,5,1,1
21942,0,1,1,4,0,1
56188,1,0,0,8,0,1
89124,0,1,1,0,1,1
62040,0,0,0,9,0,1
66048,0,0,0,3,1,0
59425,1,1,1,15,1,1
60229,0,1,1,10,1,1
35481,0,0,1,7,0,1
65351,0,0,1,11,0,1
25507,1,0,1,14,0,1
89106,1,1,1,13,1,1
25078,0,1,0,13,1,1
45581,1,0,0,15,0,1
89349,0,1,0,9,1,1
8569,1,0,1,1,0,0
77835,0,0,1,9,0,1
46270,0,0,1,4,1,0
65897,0,0,1,4,0,0
76806,0,1,0,1,1,1
32701,1,1,1,3,1,1
78355,1,0,1,10,0,1
32870,0,1,0,9,1,1
39072,1,0,1,13,0,1
69118,1,1,1,14,1,1
61251,1,1,1,0,0,1
11690,0,1,0,11,0,1
71307,1,0,1,4,1,1
60761,1,0,0,1,1,0
43810,0,1,1,10,0,1
97155,0,0,0,15,0,0
88662,0,1,1,0,1,1
90248,0,0,0,0,0,0
15964,0,0,0,3,1,0
66396,1,1,0,3,1,1
63502,0,0,1,14,0,1
19268,0,0,0,7,0,0
97311,0,1,1,9,1,1
77270,1,1,1,12,1,1
60912,1,1,0,0,1,1
15845,1,0,1,1,1,0
46594,0,1,1,8,0,1
46990,0,1,1,2,0,1
46219,1,1,0,8,1,1
9040,1,1,1,5,1,1
91557,1,1,1,2,0,1
96159,0,0,0,3,1,0
42522,0,0,0,5,1,0
8537,0,1,0,1,0,0
49163,0,0,1,3,1,0
17560,0,0,1,15,1,1
29656,0,0,1,6,0,1
3277,0,0,0,4,0,0
53580,0,1,0,15,0,1
74859,1,1,1,4,0,1
56134,1,0,0,4,1,0
15556,1,0,0,10,0,0
38097,1,1,1,2,0,1
9901,0,1,1,1,0,1
61832,1,0,0,10,1,1
26381,1,0,0,6,1,1
30982,1,0,0,11,0,1
78500,0,1,0,8,0,1
4766,1,0,1,13,1,1
29952,0,0,0,6,1,0
72516,1,0,1,12,0,1
92025,1,0,0,14,0,1
48296,1,0,1,13,0,1
30513,0,0,0,13,0,0
94449,0,0,0,1,0,0
23770,1,0,1,11,0,1
17102,1,1,0,2,0,0
71356,0,1,1,7,1,1
48194,1,0,1,10,0,1
45534,1,1,1,2,0,1
68387,0,1,0,3,1,1
4801,0,1,1,3,0,0
4524,1,1,1,9,0,1
36681,1,1,0,12,1,1
5921,0,0,1,5,1,1
6949,1,0,1,0,1,1
98838,0,0,1,13,1,1
14414,1,1,1,13,1,1
50076,1,0,0,0,1,1
11311,0,1,1,12,0,1
36049,1,1,1,0,0,1
74606,1,1,0,14,1,1
57759,0,1,0,11,1,1
28653,1,0,0,8,1,1
57829,0,1,1,8,1,1
29908,0,0,0,7,0,0
24250,1,1,0,7,0,1
33843,0,1,0,7,1,1
10255,1,0,0,7,0,0
74858,1,1,0,13,1,1
3336,1,1,1,13,1,1
38643,0,0,1,1,1,0
77593,0,0,0,10,1,1
49755,0,0,1,2,0,0
74208,1,0,0,15,1,1
35382,0,1,0,10,0,1
30363,1,1,0,7,1,1
47532,0,1,0,11,1,1
30292,1,1,0,4,0,1
88456,0,1,1,10,1,1
10783,1,1,0,15,0,1
59615,0,0,0,13,1,1
93342,1,0,0,1,1,0
90545,0,0,0,12,1,1
16805,1,0,1,3,1,1
77626,0,0,0,11,1,1
82784,1,1,1,15,0,1
94957,0,0,0,11,1,1
42100,1,0,1,3,0,1
64756,1,0,1,9,1,1
41856,0,0,0,6,1,1
36571,1,0,1,9,0,1
37828,1,1,1,7,0,1
34103,0,0,1,4,0,0
72473,0,0,0,6,0,0
3478,1,0,1,13,1,1
16638,1,1,0,3,1,1
64751,1,0,0,8,0,1
10463,0,0,1,5,1,1
59536,0,1,0,13,0,1
41718,0,0,0,7,0,0
49410,0,0,1,15,0,1
24624,1,1,0,6,0,1
94902,0,0,1,2,1,1
80213,0,0,0,13,1,1
49945,0,1,1,5,1,1
38388,1,1,1,11,1,1
12752,0,0,1,13,1,1
32526,1,0,0,14,1,1
45657,1,0,1,15,1,1
3896,1,1,0,13,0,1
42461,1,1,1,12,1,1
52355,1,0,1,15,0,1
83496,0,1,1,13,0,1
21928,0,0,1,4,0,0
49800,0,1,1,2,0,1
27685,1,0,0,12,0,1
21255,1,1,1,6,0,1
4828,0,0,1,15,0,0
37205,1,0,0,7,0,1
98392,0,1,1,4,1,1
10130,0,1,0,0,0,0
96552,1,0,1,10,1,1
97549,0,1,1,14,0,1
34738,1,1,1,13,0,1
53358,1,1,1,7,1,1
65247,1,1,0,14,0,1
3362,1,0,1,11,1,1
14380,1,1,0,2,0,1
22284,0,1,0,2,0,0
80904,1,0,0,15,1,1
40923,1,0,0,10,1,1
35246,0,1,1,10,0,1
60572,1,0,0,13,0,1
16783,0,0,0,5,0,0
14998,0,1,1,5,1,1
98272,1,1,0,9,0,1
38664,1,1,1,5,0,1
68683,0,1,1,15,1,1
43376,0,0,1,0,1,0
23591,0,1,0,0,1,0
26218,0,1,1,3,0,1
61532,0,0,1,7,1,1
25349,1,1,1,9,1,1
52957,1,0,0,4,0,0
36798,0,1,0,4,1,0
75552,1,1,0,5,0,1
28469,0,0,0,5,1,0
42480,0,0,0,14,1,0
42972,1,0,0,12,1,1
92668,1,1,1,10,0,1
28136,0,1,0,13,1,1
91208,1,0,1,11,0,1
48031,1,1,1,6,0,1
49147,0,0,0,14,1,1
25644,0,1,1,3,1,1
66002,0,1,0,8,1,1
5856,1,1,0,0,1,1
82968,1,1,0,15,0,1
48535,0,0,0,4,0,0
15753,0,1,0,10,0,1
36469,0,0,1,10,0,1
94751,1,0,1,13,0,1
25389,0,1,0,5,1,1
36213,0,1,0,0,1,0
73573,1,0,1,14,0,1
60787,0,0,0,5,0,0
41715,0,0,0,6,1,0
10752,0,1,0,4,1,0
49816,1,0,1,4,1,1
29717,0,1,0,5,1,1
91530,1,1,0,15,1,1
47759,1,1,0,1,1,1
70610,0,1,1,9,0,1
91805,1,0,0,8,0,1
34289,0,0,0,15,0,0
77015,1,1,1,1,1,1
82606,1,0,0,13,1,1
44228,0,0,1,9,0,1
71767,0,0,1,14,1,1
62172,0,1,1,10,1,1
39444,0,0,0,13,1,0
75792,1,0,0,5,1,1
91539,0,0,0,10,0,0
40637,0,1,1,12,0,1
210,0,0,0,9,1,0
24295,0,0,1,2,0,0
89846,1,0,1,5,1,1
61808,1,0,1,12,1,1
12659,1,0,1,4,1,1
37218,1,1,0,11,1,1
3625,0,0,0,11,1,0
65826,0,1,0,7,0,1
24737,0,0,1,13,0,1
50440,0,1,0,9,1,1
88609,1,0,1,13,0,1
52294,0,1,0,11,0,1
1702,0,1,0,12,1,0
63819,1,1,0,9,1,1
97363,0,1,1,15,1,1
47923,0,0,1,12,0,1
1011,1,1,0,14,1,1
61017,1,0,0,15,1,1
6663,1,1,1,10,1,1
71239,1,0,1,11,1,1
58659,1,1,0,3,1,1
69734,1,0,0,2,0,0
95361,0,1,1,8,1,1
90407,0,1,0,2,1,1
5118,0,0,1,2,1,0
55481,1,0,0,8,0,1
15360,0,1,1,7,0,1
75248,1,0,1,8,0,1
65840,0,1,0,9,1,1
53470,0,0,1,4,1,1
60713,1,0,0,7,0,1
29074,0,1,1,13,1,1
51092,1,0,1,10,1,1
58346,0,1,1,6,0,1
33614,1,0,0,15,1,1
27304,1,1,1,10,1,1
3975,0,0,1,13,1,0
98585,1,1,0,12,0,1
79676,0,0,1,6,0,1
74908,1,0,0,12,1,1
98571,0,1,1,10,1,1
87162,1,1,0,12,1,1
37623,1,0,0,12,1,1
69917,1,1,0,3,1,1
85703,1,1,1,6,0,1
29485,0,0,1,0,1,1
32860,0,1,0,11,0,1
85836,1,0,0,14,1,1
23065,1,0,1,4,1,1
4148,0,1,1,7,1,1
23283,1,0,1,5,0,1
94740,0,0,0,13,1,1
9322,1,1,0,0,1,1
95262,0,1,1,1,1,1
94029,1,1,0,3,0,1
99444,0,0,1,13,1,1
31959,1,0,1,3,1,1
60162,1,0,1,10,1,1
43440,1,1,1,1,0,1
68490,1,0,0,11,1,1
40294,0,1,1,14,1,1
97582,0,0,1,12,1,1
3770,0,1,0,0,1,0
94621,1,1,0,11,0,1
65779,1,1,1,15,0,1
63283,0,1,1,0,0,1
29568,1,0,0,4,1,1
95620,0,0,1,15,1,1
83807,0,0,0,11,0,0
82203,0,1,0,8,0,1
58641,0,0,1,5,0,1
90492,1,0,0,8,1,1
97500,0,0,0,9,0,0
29930,0,1,1,3,0,1
83187,0,0,1,3,1,0
62494,0,0,0,15,1,1
1358,1,0,1,6,1,1
33097,1,1,1,5,1,1
63444,1,1,1,7,1,1
88946,1,1,0,5,1,1
41939,1,1,0,5,0,1
88308,1,0,1,10,0,1
14349,0,0,1,9,1,1
61949,0,1,0,4,1,1
25253,1,0,0,5,1,1
62198,1,1,0,8,1,1
48700,0,1,1,11,1,1
40472,1,1,1,0,1,1
53680,1,0,1,8,0,1
27442,1,1,1,0,1,1
50222,1,0,0,14,1,1
9855,0,0,1,15,1,0
86531,1,1,0,8,1,1
13395,0,1,1,11,1,1
14653,1,0,0,10,1,1
19815,1,0,0,14,0,0
75169,1,1,0,4,0,1
47447,1,0,0,10,1,1
60498,1,1,0,8,1,1
98096,0,0,0,13,1,1
63847,0,0,1,0,1,0
66188,1,1,1,10,0,1
74195,0,0,0,2,1,0
85319,0,0,1,8,1,1
96953,0,1,0,5,1,1
69268,1,0,1,9,0,1
51211,0,0,0,10,1,1
34028,0,1,1,6,1,1
20102,0,0,0,9,0,0
3537,0,0,1,2,1,0
30260,0,0,1,5,1,1
30637,0,1,0,4,1,0
49266,0,1,0,12,0,1
57581,1,0,0,12,0,1
23050,0,0,0,3,1,0
47074,1,1,0,6,0,1
47267,1,1,0,14,0,1
49911,1,1,0,11,1,1
8659,1,1,0,2,1,1
2177,1,1,0,4,0,0
74100,0,0,0,4,1,0
8119,0,1,1,13,0,1
22699,0,0,0,11,0,0
4029,1,0,1,12,1,1
81615,1,0,0,10,0,1
4585,0,1,0,12,0,0
13222,0,1,0,2,1,0
14833,1,1,1,14,0,1
83573,0,1,1,15,1,1
42420,1,0,1,15,0,1
28845,0,0,0,2,0,0
37101,0,0,0,8,0,0
43173,1,1,0,10,1,1
86765,0,0,1,1,0,0
1977,0,0,0,5,1,0
1635,1,1,1,6,1,1
28259,1,1,1,3,1,1
44317,1,0,1,10,1,1
59910,0,1,1,2,1,1
84286,0,0,0,7,1,0
15865,1,0,1,9,1,1
72621,0,0,1,6,0,1
2291,0,1,0,1,1,0
30302,0,1,0,3,0,0
29756,0,1,0,8,0,1
38962,1,1,1,14,1,1
94674,1,0,0,8,1,1
96236,0,0,1,4,0,0
21104,0,1,0,13,1,1
25445,0,1,0,7,1,1
52717,0,0,0,14,0,0
99791,1,0,0,9,0,1
61849,0,1,1,3,1,1
9327,1,1,0,12,1,1
82268,1,1,0,15,1,1
68629,0,0,1,7,1,1
55369,0,0,1,8,1,1
43200,1,1,1,2,0,1
93566,1,0,1,7,1,1
13726,1,1,1,1,0,1
84337,0,0,0,7,1,1
88260,1,1,0,11,1,1
75249,0,1,1,0,0,1
23789,0,1,0,9,1,1
95659,1,1,1,11,1,1
36358,1,0,1,14,1,1
27543,1,1,1,5,1,1
43847,1,0,1,9,0,1
83914,1,1,1,5,1,1
34792,1,1,1,14,1,1
22191,1,0,0,6,1,1
91880,1,0,1,2,0,1
11967,1,1,0,10,1,1
17536,1,0,1,2,1,1
58104,0,0,0,8,0,0
29521,0,0,0,14,0,0
1727,1,0,0,15,1,1
73018,0,1,0,12,1,1
92734,1,1,1,11,1,1
42063,1,0,0,10,0,1
75985,0,0,1,10,0,1
29961,1,0,1,8,0,1
81208,1,1,1,2,0,1
73494,1,0,1,15,0,1
89492,1,0,1,8,0,1
64431,1,0,1,6,1,1
70668,1,1,0,13,0,1
89402,1,0,0,11,0,1
80558,0,1,0,6,0,1
99560,0,0,0,15,0,0
11779,0,1,1,13,1,1
18254,1,0,0,9,1,1
92802,1,1,1,2,0,1
52715,0,0,1,2,1,1
98641,0,1,0,1,0,0
12616,0,0,0,0,1,0
40242,0,1,0,5,0,1
65400,0,0,1,3,0,1
49142,0,1,0,4,1,0
81637,0,0,1,9,0,1
89626,0,0,0,15,0,1
20449,1,1,1,14,0,1
8680,1,0,1,4,0,0
24786,1,0,1,1,1,1
13047,0,1,1,6,1,1
17857,1,0,1,13,1,1
49522,0,1,0,15,0,1
73664,1,1,1,15,1,1
69247,0,0,0,9,0,0
96995,0,0,0,9,1,1
46206,0,1,0,11,0,1
13030,1,0,0,10,0,0
65016,0,0,0,12,0,0
38168,0,0,1,5,1,1
48830,1,0,0,4,0,0
87725,1,1,1,6,1,1
90576,0,1,1,12,1,1
64091,1,0,1,1,1,1
86995,0,0,0,3,0,0
8816,0,1,0,8,1,1
70388,1,1,1,3,0,1
26593,0,1,0,4,0,0
62859,0,0,0,1,1,0
11058,0,0,1,11,1,1
58036,0,0,0,10,0,1
1962,0,1,1,5,1,1
26399,0,1,1,4,1,1
8442,0,0,0,10,1,0
57841,0,0,1,5,0,1
41722,0,0,0,13,0,0
94535,0,1,1,1,0,1
89794,0,0,1,0,0,0
74411,0,0,0,2,0,0
75006,1,1,1,14,0,1
80395,1,1,1,15,0,1
70414,1,0,0,9,0,1
33813,0,1,0,13,1,1
5677,1,1,0,12,0,1
27376,1,1,1,14,1,1
51013,1,1,1,10,1,1
94905,0,0,0,6,0,1
47733,1,1,1,9,0,1
18624,1,0,1,9,1,1
26237,0,1,0,12,1,1
58162,0,0,1,5,1,1
20528,1,0,0,13,1,1
32304,0,1,1,1,0,0
11339,0,0,0,10,0,0
46852,0,0,0,9,0,0
81788,1,1,1,10,0,1
39846,0,0,0,5,1,0
69870,1,0,1,8,0,1
87114,0,1,0,1,0,0
62072,1,1,0,0,1,1
76762,0,1,0,15,1,1
11242,1,0,0,4,1,0
19693,0,0,1,9,0,0
79111,1,0,1,5,1,1
25268,1,0,1,10,0,1
85218,0,1,1,14,1,1
5402,1,1,0,10,0,1
81911,0,0,1,12,0,1
49909,1,0,1,12,1,1
67285,1,1,1,4,1,1
72501,0,1,1,8,0,1
88155,0,1,0,0,0,0
31945,0,0,1,2,0,0
31156,0,0,0,0,1,0
9325,0,1,1,3,0,0
92394,0,0,0,5,0,0
603,1,0,0,1,0,0
42096,0,1,0,15,0,1
37857,0,1,0,0,0,0
26015,1,0,0,3,0,0
24616,1,0,0,12,1,1
54138,1,0,1,8,1,1
69640,0,1,1,5,0,1
8329,1,1,0,13,0,1
1672,0,1,1,2,1,1
59185,1,1,1,15,1,1
41187,0,0,0,1,1,0
61041,1,1,1,14,1,1
20112,0,1,1,0,0,1
50098,0,1,1,0,1,1
19896,0,0,0,0,1,0
19747,1,1,0,0,1,1
20850,1,1,0,6,1,1
94960,1,1,1,5,1,1
46416,0,0,1,15,1,1
30921,1,0,1,15,0,1
82873,0,1,1,13,0,1
17064,1,1,1,4,1,1
62165,0,0,1,11,1,1
27553,1,0,1,15,1,1
44763,1,0,0,10,0,1
79973,0,0,1,15,0,1
67072,0,1,0,10,0,1
64448,1,1,0,14,1,1
36303,0,1,0,15,0,1
83077,0,1,1,15,0,1
42047,1,1,0,6,0,1
96230,0,0,1,7,1,1
91935,0,1,1,6,0,1
3413,0,1,0,11,1,1
58647,1,0,1,10,0,1
59861,1,0,1,9,0,1
16947,1,0,0,1,1,0
62634,1,0,1,12,0,1
84815,1,1,0,10,0,1
42569,0,0,0,15,0,0
18438,0,0,0,7,0,0
46903,1,0,1,10,0,1
52602,0,1,1,4,0,1
58885,0,0,1,7,0,1
84609,0,0,0,15,0,0
28804,0,0,0,10,1,0
99185,1,0,1,15,0,1
72193,0,0,0,1,0,0
76480,1,0,1,2,1,1
21619,1,0,0,0,1,0
73010,1,1,0,6,1,1
25760,1,1,1,3,1,1
3877,1,1,0,5,0,1
50884,0,0,0,9,0,1
39863,1,1,0,7,1,1
67090,0,1,0,6,0,1
27147,1,1,1,14,1,1
98909,0,1,1,9,0,1
80888,0,0,0,1,0,0
101,1,1,1,5,0,1
48341,0,0,1,11,0,1
54820,0,1,0,3,1,1
34535,1,0,0,0,1,0
1980,0,0,0,14,1,0
3056,1,0,0,6,0,0
88969,1,0,0,15,1,1
54157,0,0,0,2,1,0
94323,1,0,1,0,1,1
30878,1,0,0,13,1,1
93891,0,1,1,2,1,1
62028,0,1,1,4,1,1
53446,0,1,1,14,1,1
19450,1,1,1,13,0,1
33287,0,1,1,14,1,1
89273,0,0,1,4,1,1
83028,0,0,0,12,0,0
14764,0,0,0,8,0,0
89754,1,1,0,10,1,1
51868,1,0,1,13,0,1
84047,1,0,0,0,0,0
19020,0,1,0,12,1,1
71136,0,0,0,0,0,0
15969,0,0,0,2,1,0
15691,1,1,1,0,1,1
50922,1,0,1,13,1,1
77869,0,1,0,15,1,1
4168,1,1,1,3,1,1
81395,1,1,0,12,0,1
99590,0,1,1,2,0,1
95032,0,1,1,10,0,1
61609,0,1,1,14,0,1
53919,0,0,0,0,1,0
65907,0,1,1,12,0,1
76863,0,1,0,14,1,1
5318,1,1,1,3,0,1
26199,1,1,0,0,1,1
49477,0,1,0,7,1,1
64764,0,1,0,3,0,0
17401,0,1,1,11,1,1
92952,1,0,1,15,0,1
57285,1,0,0,2,1,1
62310,1,0,0,3,0,0
11421,0,0,1,11,1,1
8858,0,1,0,1,0,0
19418,1,0,1,0,1,0
66972,0,0,1,0,1,1
41981,0,1,0,6,1,1
62848,0,0,0,12,0,0
87535,0,0,0,15,0,1
21691,0,1,1,7,1,1
7921,1,0,1,12,0,1
88135,1,1,1,7,0,1
80695,1,0,0,9,1,1
56820,0,1,0,2,0,0
48533,1,1,1,14,1,1
70261,1,1,1,15,1,1
91227,0,1,1,2,1,1
69927,0,1,1,8,1,1
67407,0,1,1,7,0,1
40253,0,1,1,8,1,1
55654,0,0,1,6,1,1
72570,1,0,1,5,0,1
83801,0,0,1,5,1,1
32295,1,1,1,14,1,1
33487,0,1,0,12,1,1
8822,0,1,1,14,1,1
74477,1,0,1,1,1,1
78123,0,1,1,12,1,1
18414,0,0,1,1,0,0
36453,0,1,0,3,1,0
5334,0,0,0,10,1,0
56435,0,0,0,8,1,1
19984,0,1,0,5,1,1
71103,0,0,0,8,1,0
12641,0,1,0,7,1,1
21811,0,0,1,3,0,0
88070,1,1,1,14,0,1
13255,0,1,1,14,0,1
80716,1,0,1,6,1,1
68773,1,1,0,15,1,1
79602,0,1,0,2,1,1
53053,0,0,1,11,1,1
32706,1,0,1,15,0,1
32091,0,1,0,12,1,1
50034,0,1,1,14,1,1
57425,1,1,0,8,1,1
62821,0,0,0,6,0,0
47885,0,0,0,5,0,0
91236,0,1,0,8,1,1
38524,0,1,1,5,0,1
40941,0,0,0,2,0,0
85902,0,1,1,13,0,1
2352,0,0,0,3,1,0
70086,0,1,1,5,0,1
24585,0,0,1,5,1,1
2815,0,1,0,5,0,0
20535,0,0,1,8,1,1
59730,0,0,0,5,0,0
49569,0,0,1,14,1,1
72230,1,1,1,12,1,1
53535,0,1,0,1,0,0
78716,1,1,0,13,1,1
39358,1,0,1,15,0,1
28355,1,0,1,4,1,1
32146,0,0,0,14,1,0
52429,1,1,1,6,1,1
54599,0,0,0,3,1,0
7062,1,1,1,13,0,1
38628,1,1,0,15,0,1
43544,0,1,0,0,0,0
97661,1,0,0,6,1,1
58867,1,1,1,11,1,1
48330,0,0,1,15,1,1
4839,0,0,1,10,1,1
18968,0,0,0,12,1,0
28966,0,0,1,0,0,0
54937,0,1,0,13,1,1
174,0,0,0,8,1,0
28817,1,0,1,3,0,1
45023,1,1,1,10,1,1
20494,1,0,0,0,1,0
35776,1,1,1,12,0,1
39466,1,0,0,7,0,1
60962,0,0,1,13,1,1
74361,1,1,0,7,0,1
63168,0,1,0,13,1,1
20291,1,1,0,10,1,1
40471,0,1,1,12,0,1
56474,0,1,0,5,1,1
78478,1,1,0,3,0,1
96756,0,0,1,15,0,1
6831,0,1,0,1,0,0
48172,1,0,0,5,1,1
13203,0,0,0,0,0,0
51331,1,0,1,9,0,1
37382,0,0,1,8,0,1
12698,1,0,1,1,1,1
87264,0,1,1,11,1,1
85754,1,1,0,9,1,1
31646,1,0,0,1,0,0
77128,0,0,0,14,0,0
94834,0,1,1,10,0,1
57160,1,0,1,6,1,1
47837,0,1,0,11,0,0
4212,1,1,0,15,1,1
93048,1,1,0,10,1,1
98602,0,0,0,8,1,0
63918,1,0,0,4,0,1
79257,1,1,0,5,1,1
1309,1,1,1,10,0,1
63381,0,0,0,10,1,1
51308,0,1,0,14,1,1
99160,1,0,1,10,0,1
77343,0,1,1,14,0,1
77549,0,1,1,9,0,1
87712,1,1,1,0,0,1
29171,1,0,1,0,1,1
10075,1,1,0,9,0,1
76144,0,1,0,7,1,1
95221,1,0,0,0,1,0
43193,0,1,0,3,0,0
22254,1,1,1,5,1,1
95672,0,1,0,9,1,1
90743,0,0,0,3,0,0
8748,1,0,0,14,1,0
65696,1,0,1,8,0,1
12162,1,0,1,6,1,1
81409,0,0,0,4,1,0
68530,0,1,1,0,1,1
99289,1,0,1,6,0,1
81505,1,0,0,15,1,1
42333,1,0,0,1,1,0
587,1,0,1,10,1,1
41409,1,0,0,3,0,0
17895,1,1,1,3,0,1
32348,1,1,1,1,0,1
39448,0,1,1,4,1,1
54105,0,1,0,15,1,1
53429,0,0,1,10,0,1
18112,0,1,0,3,1,0
41821,0,0,0,2,0,0
36343,1,0,1,9,0,1
98705,0,1,1,2,1,1
97236,0,0,0,3,0,0
62618,0,1,1,12,0,1
20915,0,0,1,5,0,1
91941,0,0,1,6,0,1
96813,0,1,0,8,0,1
71870,0,0,1,6,1,1
69277,1,1,0,12,1,1
37804,1,0,0,13,1,1
65331,0,0,1,6,1,1
75678,0,0,0,4,0,0
32867,0,0,1,4,0,0
14860,0,0,0,0,1,0
44842,0,1,0,4,0,0
42713,1,1,1,14,0,1
27203,1,1,0,7,1,1
36000,1,0,1,0,1,1
20888,0,0,1,9,0,1
14572,1,0,1,8,0,1
1904,1,0,1,11,1,1
58996,0,1,1,12,1,1
63060,0,1,0,0,0,0
50507,0,0,0,8,1,1
33498,0,1,1,12,0,1
74438,0,0,1,8,0,1
80525,0,1,0,4,0,0
90492,1,1,0,15,0,1
14316,1,1,1,8,0,1
87896,1,0,1,15,0,1
42661,0,1,1,15,0,1
43803,1,0,1,0,0,0
74176,0,0,1,1,0,0
54148,0,0,1,4,0,0
28735,1,0,0,8,0,1
53726,0,1,1,6,0,1
31125,0,0,1,7,0,1
90408,1,0,0,15,0,1
43451,0,0,0,8,0,0
91375,1,1,1,5,0,1
82309,0,1,0,5,0,1
96762,0,0,0,6,0,0
38766,1,0,1,7,0,1
15550,0,1,1,13,0,1
20949,1,1,0,5,1,1
69965,0,1,0,2,0,0
9696,0,1,0,13,0,0
34983,1,1,0,6,1,1
22662,1,1,1,8,0,1
25825,1,1,1,14,0,1
15218,0,0,0,3,1,0
85251,0,0,0,7,0,0
6752,0,0,0,10,0,0
34328,1,0,0,1,1,0
27009,0,0,0,4,1,0
55428,0,1,1,5,1,1
4026,0,0,0,0,0,0
42370,0,0,0,6,1,0
57637,1,0,0,4,1,1
49782,0,1,1,8,0,1
71635,0,1,1,15,0,1
23132,1,0,1,12,1,1
66572,1,1,0,1,0,1
86874,1,0,1,11,1,1
47478,1,0,1,12,0,1
54229,0,1,0,10,1,1
48099,1,0,1,1,0,1
7051,1,0,0,13,1,1
46640,0,0,0,2,0,0
6258,0,1,1,3,0,0
82095,1,0,1,15,0,1
25509,1,0,0,12,1,1
20397,0,0,1,9,0,1
74997,1,1,1,5,0,1
55123,0,1,1,6,0,1
33110,0,1,0,12,1,1
20635,1,1,1,1,0,1
30125,1,1,0,9,0,1
87743,0,1,1,9,1,1
38189,0,0,0,11,0,0
91510,0,1,1,4,1,1
91482,0,1,0,9,0,1
31402,0,0,0,11,0,0
33879,1,0,1,7,0,1
11904,0,1,1,3,0,1
26133,0,0,0,15,0,0
53183,1,0,0,13,0,1
11092,1,1,1,3,1,1
53472,0,0,0,6,0,0
76920,0,1,1,3,0,1
68764,0,0,1,10,1,1
34688,1,0,1,0,0,1
48322,1,0,0,2,1,1
9394,0,1,0,9,0,0
52135,1,1,0,4,1,1
22460,0,0,0,2,0,0
36147,1,1,1,2,0,1
4881,1,0,1,1,1,0
44335,0,1,1,13,1,1
68170,0,0,0,13,0,0
25388,0,0,1,12,1,1
11684,0,1,0,14,0,0
97769,0,0,0,6,1,1
46734,0,1,0,13,0,1
82200,1,1,0,6,1,1
98359,0,0,0,9,0,1
58745,0,1,1,7,1,1
96655,0,1,0,6,0,1
80644,0,0,0,11,1,0
79487,0,1,0,9,1,1
23926,0,1,1,5,1,1
92658,1,1,1,14,0,1
38838,0,1,1,7,0,1
74200,0,1,0,9,0,1
25052,0,0,0,9,0,0
53080,0,1,0,15,0,1
84017,0,1,1,0,1,1
98309,0,1,0,7,1,1
47522,0,0,0,9,0,0
53508,0,0,1,10,0,1
19399,1,1,0,13,1,1
72270,1,1,1,13,0,1
2057,1,1,0,4,0,1
41216,1,0,1,6,1,1
71071,0,0,1,8,0,1
21627,1,0,0,0,1,1
51306,1,0,0,3,1,1
26584,0,0,0,10,0,0
8779,1,0,1,2,1,1
9689,1,0,1,13,0,1
25776,1,1,0,1,1,1
83658,1,1,0,15,1,1
78590,1,1,0,1,1,1
95261,1,1,0,4,1,1
72905,0,1,1,12,0,1
74210,0,1,0,12,1,1
25694,0,0,1,7,0,1
41282,1,0,0,11,1,1
61335,0,1,0,6,0,1
10401,0,0,1,3,0,0
31291,1,0,1,15,1,1
15994,0,0,1,2,1,0
34781,0,0,1,1,0,0
38637,0,0,1,8,1,1
31099,1,0,1,3,1,1
70116,0,0,1,15,0,1
9953,0,0,0,15,0,0
82448,0,1,1,5,1,1
95943,1,0,1,7,0,1
67641,0,1,1,0,1,1
75128,1,0,1,13,1,1
59550,1,0,1,15,0,1
68031,0,0,1,0,1,1
18925,0,0,0,7,1,0
88427,0,0,1,11,0,1
70757,1,0,1,12,0,1
68629,0,0,0,10,1,1
99054,0,1,0,13,1,1
2218,0,0,0,10,0,0
90774,0,1,1,9,0,1
79476,1,0,0,9,1,1
82159,1,0,1,2,1,1
30938,1,1,1,15,0,1
86178,0,0,1,8,1,1
80581,0,1,1,15,1,1
19749,1,1,0,4,1,1
75702,0,1,0,10,0,1
84451,0,0,1,1,1,0
87075,1,1,1,10,1,1
5122,0,0,0,8,0,0
49190,1,1,0,12,1,1
51751,0,0,1,9,0,1
83192,0,1,1,7,0,1
75151,0,1,1,5,1,1
89814,1,0,1,15,0,1
51097,0,0,1,7,0,1
69534,1,0,0,3,1,1
48046,0,1,1,12,1,1
80038,1,1,1,8,0,1
25548,1,0,0,3,1,1
63571,0,0,0,10,0,0
5040,0,1,0,12,1,0
42730,1,1,0,10,1,1
14153,0,0,1,6,1,1
95499,0,0,1,14,1,1
2204,1,0,0,9,0,0
46481,0,1,1,3,1,1
7982,0,1,0,8,1,1
30903,1,1,0,4,1,1
56218,1,0,1,13,1,1
58060,1,1,0,4,1,1
66974,1,1,1,13,1,1
93511,1,0,0,9,0,1
90956,1,1,0,4,0,1
5719,0,1,1,7,0,1
31088,0,0,1,10,0,1
830,1,1,1,1,0,1
72916,0,0,1,9,1,1
68885,1,1,1,4,1,1
55552,1,1,1,13,0,1
17104,1,0,1,9,0,1
69021,0,0,0,4,0,0
16653,0,0,0,9,0,0
49534,0,0,0,13,1,0
21091,0,1,1,0,0,1
53056,0,1,0,5,1,1
60951,1,1,1,8,1,1
49764,0,0,1,4,0,0
87889,1,1,0,3,1,1
72107,0,1,0,15,0,1
60021,0,0,1,6,0,1
42806,0,0,0,6,1,0
13313,1,1,0,9,0,1
72275,0,0,0,10,1,1
75807,0,1,1,8,1,1
64207,1,1,0,5,1,1
32492,0,1,1,8,1,1
93880,0,0,1,14,0,1
74947,0,1,0,5,0,1
32407,1,1,0,6,1,1
18224,0,0,0,0,0,0
47850,1,0,0,5,0,0
34874,1,1,1,11,0,1
87570,1,0,0,12,0,1
26575,0,1,1,7,1,1
75160,1,0,1,2,1,1
27631,0,0,0,5,1,0
12220,1,0,1,8,0,1
80326,0,0,1,15,0,1
90116,1,0,0,4,1,0
83106,0,0,0,6,0,0
90118,1,1,1,4,0,1
79508,0,0,0,12,1,0
17074,0,0,0,1,1,0
94864,1,1,0,6,0,1
38584,0,1,1,10,0,1
1857,0,1,1,3,0,0
23186,0,0,1,0,1,1
18530,1,0,1,4,0,1
37680,1,0,0,6,1,1
94678,1,0,0,6,1,1
91137,1,0,0,7,1,1
18696,1,0,1,11,1,1
48162,1,1,0,6,0,1
9923,0,0,0,15,0,0
16236,1,0,1,7,1,1
8004,0,0,1,2,1,0
77538,0,1,0,4,0,0
69705,0,1,1,8,0,1
29176,1,0,0,1,0,0
80858,1,1,1,14,1,1
40504,0,1,1,11,1,1
55827,0,0,1,15,0,1
33012,1,1,0,3,0,1
7885,0,0,0,6,0,0
72693,0,0,1,12,1,1
64192,0,1,0,0,0,0
58788,0,0,0,3,1,0
60846,0,0,0,13,1,0
32409,0,1,0,10,0,0
37812,1,1,1,9,0,1
23035,0,0,0,0,1,0
45835,1,1,1,13,1,1
3990,0,0,0,10,0,0
79655,1,0,1,8,1,1
57353,0,0,1,2,0,0
91781,1,0,0,1,1,1
54469,1,0,1,10,0,1
15367,0,1,1,14,0,1
4995,0,1,0,2,1,0
496,1,0,0,10,0,0
33591,0,1,1,12,1,1
85038,0,0,1,14,0,1
50198,1,0,1,12,0,1
28448,1,1,0,15,1,1
34987,0,0,0,10,1,0
27747,1,0,1,0,0,1
21745,1,0,0,6,1,1
67676,1,0,0,2,1,0
20856,0,1,0,2,0,0
89798,1,0,0,2,1,0
95907,1,0,0,12,1,1
70237,0,0,0,14,1,1
67358,0,1,1,14,0,1
22719,0,0,1,1,1,0
42069,1,0,0,6,1,1
11257,1,1,0,2,0,1
65594,1,0,1,4,1,1
75937,1,0,1,1,1,1
93604,0,1,0,13,0,1
56087,0,1,0,5,1,1
88467,0,1,1,11,0,1
76257,1,0,1,1,1,1
80030,1,1,0,8,1,1
34918,1,1,0,2,1,1
20147,1,0,1,4,0,1
76121,0,1,1,4,0,1
75318,0,1,1,7,0,1
18117,1,1,1,4,1,1
75564,0,1,0,2,0,0
9780,0,0,0,11,0,0
93781,1,0,0,6,1,1
155,1,0,0,1,1,0
73014,0,1,1,0,0,1
36592,1,1,0,8,0,1
12861,1,1,0,6,1,1
3803,1,1,0,15,1,1
67705,0,1,0,0,1,1
72340,0,0,1,2,1,1
54324,0,0,1,5,1,1
34837,1,0,1,14,1,1
50059,1,0,1,10,1,1
86595,0,0,0,4,0,0
90205,1,1,0,12,0,1
14962,0,1,0,13,0,0
78219,1,0,1,10,0,1
93076,0,0,1,10,1,1
7415,1,1,0,1,0,1
86091,1,0,1,8,0,1
38545,1,1,1,13,1,1
53899,0,1,1,8,0,1
40829,1,1,1,15,1,1
70553,0,1,1,10,0,1
66477,0,1,0,7,1,1
53110,1,0,0,13,1,1
7203,0,1,1,11,0,1
1300,1,0,0,3,0,0
38649,0,1,1,15,1,1
52690,0,1,0,12,0,1
10463,0,1,0,2,1,0
33025,1,0,0,0,0,0
77276,1,1,1,4,0,1
22760,1,1,0,8,1,1
94246,1,1,0,13,0,1
95841,0,0,0,6,1,1
96492,1,1,0,13,1,1
95716,1,0,1,11,0,1
34798,0,1,0,3,0,0
42606,1,1,1,1,0,1
33453,1,1,1,14,1,1
25896,0,0,0,6,0,0
37516,1,0,1,14,1,1
31936,1,0,1,5,0,1
72856,1,0,0,15,1,1
85959,0,0,1,7,0,1
43216,0,0,1,7,1,1
66034,0,1,0,10,0,1
1648,0,0,0,12,1,0
66311,1,0,1,11,0,1
33405,1,1,1,8,1,1
69795,0,1,0,15,0,1
92450,0,0,1,7,0,1
70437,1,1,1,13,0,1
8085,1,1,1,4,1,1
36045,1,0,1,12,0,1
11836,1,1,0,8,0,1
73073,0,1,0,7,0,1
13627,0,0,1,0,1,0
74362,0,0,0,6,0,0
15976,0,0,0,5,0,0
376,0,0,1,14,1,1
15122,0,0,1,12,0,0
71893,0,1,0,11,1,1
37948,0,0,1,10,0,0
77384,0,1,1,13,0,1
41369,1,1,1,3,0,1
26125,0,1,1,5,0,1
36662,1,1,1,2,1,1
90412,0,1,1,12,1,1
12162,0,0,1,11,1,0
93024,0,0,1,0,1,1
42558,0,1,1,15,0,1
80732,0,1,0,13,1,1
26616,1,0,1,12,0,1
79651,1,0,0,13,0,1
69455,1,0,1,0,1,1
56297,0,1,1,2,1,1
3163,0,0,0,2,0,0
92052,1,1,0,12,0,1
10410,0,1,0,2,1,0
44089,1,0,1,15,1,1
92645,0,0,1,9,1,1
24332,0,0,0,8,0,0
93524,1,0,1,8,0,1
18569,1,1,0,14,0,1
94603,1,1,0,3,1,1
48969,1,0,1,13,0,1
75856,0,0,1,15,0,1
2467,0,0,1,7,1,1
36159,0,1,0,6,0,1
61704,0,0,1,8,0,1
11760,1,0,0,8,1,1
11908,0,1,0,12,1,0
63207,0,0,1,1,0,0
75382,1,0,0,14,0,1
41385,0,1,0,1,1,0
57848,0,0,0,1,0,0
9390,1,1,0,0,1,1
91937,0,1,1,9,0,1
74481,1,1,0,13,1,1
78111,1,1,1,3,1,1
81942,0,1,0,9,0,1
95173,0,0,1,10,0,1
46210,1,0,0,2,1,0
28062,1,1,1,7,1,1
55238,0,1,1,13,0,1
58794,0,0,1,9,0,1
39898,0,1,0,12,1,1
18174,0,1,1,1,1,1
36367,0,1,1,14,1,1
10593,1,1,0,6,0,1
77965,0,1,1,3,0,1
82536,1,0,0,7,0,1
13222,1,1,0,0,0,0
38757,1,1,0,5,0,1
53331,1,0,1,8,0,1
185,0,0,0,14,1,0
46937,0,0,0,13,0,0
41978,0,1,0,5,1,1
34130,1,1,0,14,1,1
64628,0,1,0,4,1,1
72287,0,1,1,0,0,1
6410,0,1,1,6,1,1
26742,0,0,1,11,0,0
28216,1,0,1,2,0,1
39407,0,0,1,5,1,1
99710,0,1,1,4,0,1
50945,0,0,0,13,1,1
75808,0,0,1,13,0,1
71761,1,1,1,8,0,1
62881,1,0,0,6,1,1
76259,1,0,0,0,1,1
60193,1,0,1,10,0,1
21160,1,0,0,15,0,1
41139,1,0,1,5,1,1
60311,1,0,0,5,0,1
29109,1,1,0,2,0,0
74983,0,1,0,11,0,1
83619,1,1,0,0,0,1
11684,1,1,1,7,0,1
951,1,1,1,10,1,1
74233,0,0,0,13,1,1
51905,0,0,0,13,0,0
91092,0,1,1,11,0,1
33632,1,1,0,4,0,1
15112,0,1,0,7,0,0
24878,1,0,0,5,0,1
68838,0,1,0,11,0,1
14048,0,1,0,11,1,1
72268,0,1,1,15,0,1
50132,0,0,1,7,1,1
91767,0,0,1,4,1,1
66824,1,1,1,1,0,1
18201,0,1,0,0,0,0
72346,0,1,0,7,0,1
7854,1,0,1,8,1,1
85930,0,0,0,2,1,0
75764,0,0,0,0,0,0
83205,0,0,1,4,0,0
17215,1,1,1,4,0,1
48980,0,0,0,2,1,0
6264,1,1,1,6,0,1
45245,0,1,1,14,1,1
76719,0,0,0,2,0,0
78509,0,1,0,15,1,1
79807,0,0,0,3,0,0
32598,1,0,1,12,0,1
74481,0,0,0,13,1,0
65778,0,1,1,11,1,1
60459,0,1,0,12,0,1
74854,1,1,1,1,1,1
37709,1,1,0,14,1,1
25835,1,0,0,13,1,1
39723,1,0,1,6,0,1
50607,0,1,0,2,1,1
33618,0,1,0,10,1,1
88377,0,0,0,15,0,1
53520,0,0,1,2,1,1
29014,0,1,0,4,1,0
24565,1,0,1,7,0,1
34275,0,0,0,2,0,0
87716,1,1,0,11,1,1
61298,1,1,1,10,1,1
77016,1,1,0,11,0,1
48690,1,1,1,12,1,1
56579,0,1,0,2,0,0
37527,1,0,0,10,1,1
11573,1,0,1,4,1,1
75560,1,1,1,14,0,1
31495,0,1,1,4,0,1
94131,0,1,0,12,0,1
6999,1,0,0,5,1,0
39552,1,1,0,1,1,1
54186,0,1,0,3,0,0
70113,0,1,1,5,0,1
10507,1,1,0,8,1,1
27509,1,1,0,13,1,1
35103,1,0,0,15,0,1
85048,0,1,1,4,0,1
60760,1,0,1,12,1,1
24780,0,1,0,3,1,0
84733,0,1,0,14,0,1
48267,1,0,0,0,0,0
89545,0,0,0,9,0,0
60801,0,0,1,0,1,1
75291,0,0,1,2,1,1
4698,0,0,0,12,1,0
93054,0,1,0,0,0,1
95291,1,0,1,4,1,1
46269,0,0,0,5,0,0
29832,0,0,0,9,1,0
90695,0,1,0,4,0,0
56044,0,1,0,15,1,1
6516,1,0,0,12,1,0
66378,0,0,1,1,0,0
64507,0,0,1,3,1,1
29232,0,0,1,13,1,1
33952,1,1,0,10,1,1
17273,0,0,0,4,0,0
93432,0,0,1,8,0,1
73528,0,0,0,11,1,0
49517,0,1,0,11,0,1
31851,1,0,0,3,0,0
52111,1,1,0,7,0,1
87787,1,0,1,3,1,1
1876,0,0,1,5,1,0
66778,1,1,0,15,1,1
8391,1,1,1,1,1,1
33055,0,0,0,11,0,0
94521,1,0,0,10,1,1
35701,0,0,1,6,1,1
71812,1,1,0,1,1,1
18068,0,1,0,13,0,0
9421,1,0,0,2,0,0
9706,0,0,1,12,1,1
74356,1,1,0,15,0,1
21723,1,1,1,7,0,1
24397,0,1,1,0,1,1
91254,1,1,1,7,0,1
91625,1,0,0,2,1,1
40570,0,0,1,5,0,0
19070,0,0,0,2,1,0
45857,1,1,1,9,1,1
63006,0,0,0,4,1,0
60952,1,1,1,13,1,1
39125,1,1,1,2,1,1
50648,1,1,0,8,1,1
3121,1,0,1,10,0,1
26206,0,1,1,13,0,1
57952,0,0,1,4,1,1
42186,0,0,1,14,0,1
48335,1,0,0,5,1,1
88497,0,1,1,7,0,1
80588,1,1,1,11,1,1
86274,1,0,1,10,1,1
97791,0,1,1,2,1,1
16000,1,0,0,8,1,1
59199,1,0,1,13,1,1
69020,0,0,0,1,1,0
55167,0,1,0,8,0,1
20769,0,0,1,4,0,0
15192,1,0,1,10,1,1
45679,0,1,1,11,1,1
76856,0,0,0,7,0,0
39653,1,1,1,12,0,1
94935,0,0,0,4,1,0
17973,0,0,1,10,1,1
69406,1,0,1,10,1,1
72894,1,0,0,2,1,1
72523,1,0,1,10,1,1
29104,0,0,0,11,0,0
38979,0,0,1,5,0,0
32692,0,1,1,9,0,1
53390,0,0,0,9,0,0
93712,1,1,0,1,1,1
74690,1,1,0,4,0,1
57529,1,0,1,8,0,1
39696,0,1,0,4,0,0
48152,0,0,0,8,1,0
44446,0,1,1,5,0,1
17595,0,0,0,4,0,0
43378,1,0,0,6,0,1
2979,0,0,1,13,1,1
8976,0,1,1,11,0,1
56050,0,1,1,10,0,1
22848,1,1,0,1,0,1
30355,1,1,0,7,0,1
35601,0,0,0,9,1,0
76321,0,0,1,5,0,1
38461,0,1,0,14,1,1
86680,1,0,1,15,1,1
54353,0,0,1,1,1,1
83962,0,1,0,15,0,1
66394,0,0,0,10,0,1
90289,1,1,1,9,1,1
95088,0,0,1,7,0,1
75257,0,0,0,4,0,0
6279,0,1,0,7,1,1
54616,0,0,1,1,1,1
91009,0,0,0,11,0,1
81289,1,1,0,10,0,1
13472,0,0,0,15,1,0
32838,0,1,0,5,0,1
38014,0,0,0,12,0,0
89114,1,1,1,6,0,1
90848,0,0,1,9,1,1
2527,1,1,1,0,1,1
2827,0,0,1,12,1,0
80326,1,0,1,15,1,1
92111,0,1,1,6,0,1
97234,1,1,0,8,0,1
65374,1,1,0,5,1,1
20234,0,1,0,12,1,1
11072,0,0,0,11,0,0
77763,1,0,0,10,1,1
5610,0,1,1,12,0,1
32129,1,0,1,5,1,1
5702,1,1,0,10,1,1
67519,0,1,0,6,0,1
29333,0,0,1,7,0,0
84296,0,0,0,3,0,0
48873,1,0,1,4,1,1
54777,1,1,1,0,0,1
14483,1,1,0,12,1,1
98414,0,0,0,12,0,1
65960,1,1,1,7,1,1
42998,1,1,1,12,1,1
78191,1,0,0,9,0,1
80121,0,1,0,5,0,1
24089,0,1,0,1,1,0
80281,1,0,0,9,1,1
74595,0,0,1,14,0,1
77187,1,0,0,6,0,1
2708,0,0,1,13,1,0
96765,0,0,0,0,1,0
98141,0,1,0,12,0,1
604,1,0,1,5,1,1
69497,0,0,1,5,1,1
22502,0,0,1,12,1,1
60050,1,0,0,5,0,1
79977,1,0,0,15,1,1
66377,1,0,1,5,1,1
13830,0,1,1,3,0,0
24986,0,0,0,7,0,0
88314,0,1,0,14,0,1
62604,1,0,1,15,1,1
12548,0,1,1,5,0,1
68604,0,1,0,2,0,0
79621,1,1,0,14,0,1
77880,1,0,1,11,1,1
96362,0,0,1,12,1,1
70074,1,0,1,3,0,1
58848,0,1,0,10,1,1
79050,1,1,0,14,1,1
76034,0,1,1,15,0,1
54102,1,1,0,14,1,1
2930,0,1,1,15,1,1
46229,1,1,1,2,0,1
66169,1,0,1,14,0,1
60174,1,0,1,3,1,1
76682,0,1,1,10,0,1
21945,1,0,1,5,0,1
21599,1,0,1,1,1,1
38094,0,0,0,8,1,0
68268,0,0,0,6,0,0
63337,1,0,1,8,0,1
45664,1,0,0,4,1,0
1767,0,0,0,1,1,0
99684,1,0,1,6,0,1
50877,1,0,1,6,1,1
87258,1,1,1,1,1,1
85772,0,1,0,13,0,1
14910,0,1,1,3,0,0
35670,1,1,1,4,0,1
63532,1,1,1,12,1,1
39537,0,1,0,4,0,0
45214,1,1,0,10,1,1
24248,0,0,0,10,0,0
83357,1,1,0,8,1,1
63067,1,1,1,10,1,1
29307,1,1,0,3,0,1
29620,1,0,1,2,0,1
43749,1,0,0,5,0,0
97227,0,1,0,5,0,1
94095,1,0,0,14,1,1
55884,1,0,1,10,1,1
42662,0,0,1,5,1,1
93528,1,0,1,3,1,1
48366,0,1,0,1,1,0
69449,0,1,1,2,1,1
59620,1,1,1,7,1,1
46843,0,1,1,9,0,1
15708,1,1,1,6,1,1
79140,0,0,1,7,1,1
70133,0,0,0,3,0,0
10998,0,0,0,5,1,0
67337,1,0,0,11,0,1
71312,1,0,0,9,1,1
41514,0,1,0,3,1,0
53655,1,0,1,7,1,1
6653,0,0,1,13,1,1
38443,1,1,1,2,1,1
97395,1,0,1,2,1,1
27612,1,0,1,12,1,1
44855,0,0,0,3,0,0
78163,1,1,0,0,0,1
21559,0,0,1,9,1,1
85369,1,1,1,9,1,1
48689,1,0,1,15,1,1
45782,0,0,0,5,0,0
57916,1,0,0,9,0,1
59325,0,1,0,10,1,1
43187,0,1,0,13,1,1
68660,1,0,0,5,0,1
27614,1,1,0,2,0,1
64546,0,1,1,0,0,1
86173,0,0,1,14,0,1
41469,0,1,1,6,0,1
11821,1,0,1,0,1,1
16685,1,0,0,3,0,0
10562,0,0,0,15,1,0
84814,1,1,0,7,1,1
75331,0,1,0,3,0,0
43057,0,0,1,6,1,1
52589,0,1,1,6,1,1
18431,1,0,0,11,1,1
32257,0,1,0,1,0,0
71475,1,1,0,11,1,1
87349,0,0,1,12,1,1
76748,1,0,1,11,0,1
49885,1,0,1,1,0,1
31555,1,1,0,14,0,1
71495,1,1,1,0,1,1
38764,0,0,1,8,1,1
92478,1,0,0,3,1,1
83279,0,1,1,13,1,1
49029,0,0,0,0,0,0
28148,0,1,0,15,1,1
55441,0,0,1,8,1,1
15312,0,1,0,0,1,0
5985,1,1,1,8,0,1
22867,0,1,1,8,1,1
14765,0,1,1,4,1,0
59542,1,0,0,13,0,1
99394,1,1,0,6,1,1
77517,0,1,0,15,1,1
67204,0,0,0,12,1,1
59017,0,1,0,7,0,1
1732,0,1,0,13,0,0
71527,0,1,0,11,1,1
5279,1,0,0,7,0,1
4667,1,1,1,4,0,1
99447,1,0,0,1,1,1
92394,1,0,0,5,1,1
31583,0,0,1,9,0,1
19000,1,1,0,15,0,1
33622,1,0,0,5,1,1
65112,1,0,0,9,0,1
91050,0,0,1,3,0,1
81608,0,0,0,9,1,1
56673,0,1,0,1,1,0
19670,1,1,0,1,0,0
4267,1,0,1,13,0,1
74973,1,0,1,0,0,1
61028,1,1,0,1,0,1
32002,0,1,0,0,1,0
80753,1,0,0,1,1,1
21103,0,0,0,12,0,0
62046,0,1,1,4,0,1
3370,1,1,1,13,0,1
14643,0,0,1,0,1,0
40259,0,1,0,4,0,0
38521,0,0,1,4,0,0
2118,0,1,0,6,1,0
18701,0,1,1,14,1,1
49360,0,0,0,13,1,0
12469,0,0,1,13,0,0
79094,1,0,0,8,1,1
76691,1,0,1,1,0,1
14033,0,1,0,5,1,1
53132,1,1,1,15,1,1
88503,1,0,0,14,1,1
1367,1,1,1,8,0,1
98299,0,1,0,3,0,0
38317,0,0,1,9,0,0
53009,0,1,0,6,1,1
36616,1,1,1,14,0,1
20772,0,0,1,10,1,1
24674,0,0,0,2,0,0
97549,1,0,0,11,1,1
27380,0,0,0,0,0,0
68125,1,0,1,12,1,1
77923,0,0,0,2,0,0
15712,1,0,0,2,1,0
98793,0,0,0,15,0,0
97376,1,0,1,0,1,1
71314,0,1,1,8,1,1
5425,0,0,1,7,0,0
15663,0,0,1,2,0,0
11262,1,0,1,8,1,1
18649,1,0,0,6,1,0
9067,1,0,1,7,1,1
53985,0,1,1,12,1,1
76384,1,1,1,14,0,1
12616,0,0,1,0,0,0
12106,0,0,0,14,1,0
19667,1,0,0,11,0,0
34451,1,0,1,7,1,1
54047,1,0,0,11,1,1
1203,1,0,0,3,0,0
92010,1,0,0,13,0,1
82878,1,1,0,9,1,1
4255,0,1,0,7,0,0
55998,1,0,0,2,0,1
31859,0,1,0,0,0,0
26380,0,1,0,11,0,1
3948,1,1,0,15,1,1
98591,1,0,1,9,1,1
40137,0,0,1,13,0,1
50276,0,0,0,10,0,0
48065,1,0,1,15,0,1
30885,1,1,0,15,1,1
22261,0,1,0,4,1,0
51773,1,0,1,13,1,1
91691,1,0,0,8,0,1
58024,1,1,1,9,1,1
10653,0,0,0,11,0,0
54204,0,1,1,9,0,1
30940,1,1,0,9,0,1
95265,1,1,0,3,0,1
44176,1,1,1,5,1,1
75444,0,0,1,8,1,1
16316,0,1,0,2,0,0
32747,0,1,0,9,0,1
88857,1,0,0,8,1,1
3140,1,1,1,0,1,1
13306,0,0,0,5,1,0
25799,1,0,0,7,0,0
92929,1,0,1,13,0,1
65199,0,0,1,1,0,0
21485,0,0,0,14,0,0
11826,1,0,0,6,1,1
15406,0,0,1,3,1,0
54487,0,0,1,4,1,1
98568,0,1,0,9,1,1
43177,1,0,0,2,0,0
44759,0,1,0,3,0,0
21919,1,0,1,4,1,1
99774,0,0,1,3,1,0
56035,0,0,1,4,0,0
88815,1,1,1,15,0,1
26047,1,1,0,1,1,1
73455,0,0,0,9,0,1
48116,1,1,0,0,0,1
87804,1,0,0,6,1,1
21368,0,1,0,12,1,1
46291,1,1,1,15,0,1
58097,1,0,1,3,0,1
47898,0,0,1,1,0,0
39184,0,1,0,0,1,0
28619,0,1,0,8,0,1
27871,0,0,0,9,1,1
8745,0,0,0,9,0,0
78833,0,0,1,7,0,1
13329,1,0,1,15,1,1
50973,1,1,0,7,1,1
40713,0,0,0,10,0,0
99852,1,1,1,8,0,1
66365,1,0,1,15,0,1
44266,1,0,0,2,1,0
43290,0,0,0,11,1,1
13005,1,1,1,4,1,1
88107,1,0,0,12,0,1
38849,1,1,1,8,1,1
61515,0,0,1,2,1,0
3680,1,0,0,14,0,0
50467,1,1,0,15,0,1
12906,1,1,1,7,0,1
58073,1,0,1,10,1,1
50342,0,0,0,10,1,1
89917,1,0,1,5,1,1
58911,1,1,1,4,0,1
85651,1,0,0,15,0,1
44436,0,1,1,13,0,1
79233,0,0,1,15,0,1
88157,0,1,1,7,0,1
91053,1,1,0,8,0,1
3429,0,1,0,13,0,0
78242,1,1,1,0,1,1
89466,1,1,1,1,1,1
78137,1,1,1,11,1,1
57291,0,0,0,8,0,0
62602,0,1,0,14,0,1
7916,0,0,0,15,0,0
99921,0,1,1,15,1,1
15919,1,0,1,5,0,1
20758,1,0,1,8,1,1
72642,0,0,1,5,0,1
75936,0,0,0,5,0,0
97994,1,0,0,8,0,1
35310,1,0,0,13,0,0
59158,1,0,0,2,1,1
58512,0,1,0,1,1,1
26089,0,0,1,14,0,1
36755,1,0,0,14,0,1
36621,1,1,0,0,0,1
4361,1,1,1,1,0,1
80811,1,0,0,7,0,1
91944,0,1,0,2,0,1
15549,1,0,1,1,1,1
56361,0,0,1,13,1,1
84757,1,0,1,5,1,1
27023,1,1,1,0,1,1
66378,1,1,0,13,1,1
98867,1,0,0,1,0,0
74161,0,0,0,5,0,0
39328,0,0,1,8,0,1
29613,0,0,1,6,0,1
22816,0,0,0,11,0,0
20280,1,1,1,1,0,1
95702,0,1,1,10,0,1
53160,1,0,0,7,0,1
38706,0,1,0,13,0,0
70538,0,1,0,3,0,0
98752,1,0,0,1,1,1
98581,1,1,0,1,0,1
31914,1,1,0,2,1,1
40599,1,1,0,2,0,1
23988,1,0,0,14,1,1
12917,0,0,1,14,0,0
13190,1,1,0,12,0,1
36022,1,1,0,12,1,1
13585,0,0,1,3,1,0
3566,0,0,1,10,0,0
8106,0,0,0,2,1,0
43598,1,0,1,3,1,1
94445,0,0,0,9,0,0
67919,1,1,1,4,1,1
79459,0,1,1,4,0,1
65861,0,1,1,3,0,1
39750,1,1,0,13,1,1
75411,0,0,0,5,1,1
12587,1,0,0,10,1,1
87330,1,1,1,1,1,1
47191,0,0,1,13,1,1
53122,0,0,1,12,1,1
86405,0,1,1,6,1,1
10605,1,0,0,5,0,0
1230,0,0,1,12,0,0
58718,0,1,0,8,0,1
11980,0,0,0,8,0,0
74775,0,0,0,13,1,1
91014,1,0,0,13,1,1
34477,1,0,1,13,0,1
8849,1,1,0,0,0,1
9913,0,0,0,7,1,0
70714,0,0,0,9,1,0
11482,0,1,0,1,1,0
69420,0,1,1,1,1,1
36929,1,0,1,1,1,1
17113,1,1,0,11,0,1
75131,1,0,1,5,0,1
55629,0,1,1,4,0,1
27046,0,1,0,0,1,0
93495,0,1,1,4,0,1
51098,1,1,1,3,0,1
23519,1,1,1,11,1,1
98672,0,1,0,8,1,1
81846,0,1,1,2,1,1
44688,0,1,0,2,1,1
80774,0,0,1,5,0,1
37721,0,1,1,8,1,1
65139,0,0,1,11,1,1
25838,1,1,1,0,0,1
38559,1,0,1,4,1,1
74525,0,1,1,5,0,1
56968,1,0,0,0,1,1
65748,1,1,1,8,0,1
51324,1,0,1,0,0,1
28984,1,0,1,13,0,1
64158,1,0,1,7,1,1
68591,1,1,0,14,0,1
95486,1,0,1,11,1,1
54376,1,0,1,7,1,1
8900,1,1,0,11,0,1
19649,1,1,0,3,0,1
40478,1,0,1,12,0,1
31057,1,1,1,1,1,1
29970,0,1,1,13,0,1
3645,1,1,1,6,0,1
61835,0,0,0,5,1,1
62408,1,0,0,14,1,1
28677,1,0,1,15,0,1
54456,0,1,0,15,1,1
97341,1,1,0,9,0,1
15559,1,0,1,13,0,1
52721,1,0,1,12,0,1
8120,0,1,0,0,1,0
76150,0,0,0,15,0,1
20274,1,1,0,7,1,1
60070,0,1,1,8,0,1
77080,1,0,0,6,0,1
88517,0,1,1,0,0,1
47127,1,1,0,12,0,1
80962,1,1,0,0,1,1
79694,0,1,0,8,0,1
91506,0,0,1,3,1,1
65897,0,1,1,8,0,1
45154,0,0,1,8,0,1
12309,1,0,0,14,0,0
62484,0,0,1,9,0,1
6381,0,0,0,2,1,0
52805,0,0,1,5,1,1
69119,1,0,0,14,0,1
66637,1,0,1,8,0,1
55012,0,1,0,12,0,1
61998,1,1,0,0,0,1
17594,0,0,0,14,0,0
55317,0,1,1,8,0,1
78069,1,0,1,10,1,1
10746,0,0,1,4,1,0
86296,1,0,1,0,0,1
29306,1,1,0,0,0,1
34999,1,1,0,7,1,1
200,0,1,0,12,1,1
90501,1,0,1,11,0,1
33633,0,1,1,8,0,1
52542,1,0,0,11,1,1
32706,1,1,1,13,0,1
16768,0,1,0,12,1,1
79309,1,1,0,4,1,1
40786,1,0,0,1,1,0
79376,1,0,0,13,0,1
50409,1,1,0,14,1,1
24891,1,1,0,7,0,1
98600,1,1,1,15,1,1
24648,1,1,0,9,0,1
33498,0,0,1,7,0,1
26333,0,0,0,4,1,0
3944,0,0,1,9,0,0
52384,0,0,1,7,0,1
95925,0,0,1,3,0,0
67809,1,1,0,15,0,1
77620,1,1,1,9,0,1
39008,0,1,0,1,0,0
44249,0,0,1,13,1,1
13509,1,1,0,1,1,1
70085,0,0,0,15,1,1
82406,0,1,1,13,0,1
56541,1,1,0,9,0,1
32593,1,1,1,3,0,1
29661,0,0,1,10,1,1
1768,0,1,1,15,0,1
9704,1,1,0,7,1,1
99396,0,0,0,10,0,1
26088,1,0,0,14,0,1
39194,0,1,1,8,1,1
72183,0,1,1,13,0,1
98376,1,0,0,10,0,1
90779,1,1,1,2,0,1
82658,0,1,0,15,0,1
70644,1,0,1,11,1,1
33627,0,0,1,0,1,0
71482,0,0,1,14,1,1
94250,1,1,0,3,1,1
84852,1,1,0,1,1,1
77148,0,0,1,10,1,1
70823,1,0,0,4,0,0
70830,0,0,1,12,0,1
31366,1,1,1,0,1,1
70942,0,0,1,10,0,1
91563,1,0,1,9,1,1
27185,0,0,1,13,0,1
7373,0,1,1,8,0,1
66583,0,1,1,1,1,1
78295,0,0,0,2,1,0
10436,0,0,0,12,1,0
12715,1,1,1,1,1,1
52442,0,0,0,3,1,0
38801,1,0,0,0,1,0
78824,1,0,1,15,1,1
93314,1,1,1,1,0,1
10576,1,0,1,12,0,1
75111,1,0,1,13,1,1
53600,0,1,0,7,1,1
49373,0,1,0,0,0,0
9756,1,0,0,11,1,1
58875,0,0,1,12,0,1
6893,1,0,0,12,1,1
56981,0,1,0,4,0,0
34962,0,0,0,6,0,0
15601,0,0,0,0,0,0
17828,0,1,1,5,0,1
99318,1,1,1,7,0,1
85200,0,1,0,1,1,0
17538,1,1,1,9,1,1
35929,0,0,1,9,1,1
43272,0,0,0,0,0,0
78119,1,1,1,6,1,1
99988,1,1,1,5,0,1
89992,1,0,0,15,1,1
41374,1,1,0,7,1,1
55150,0,1,1,0,1,1
38940,1,0,1,12,0,1
25887,1,0,1,11,0,1
49181,0,0,0,14,0,0
55564,1,0,1,13,0,1
69117,1,0,1,4,0,1
39712,0,0,0,10,1,0
74439,1,0,1,8,1,1
12823,1,1,0,10,1,1
75160,0,1,1,9,1,1
28255,1,1,1,3,0,1
42340,1,1,1,12,0,1
90102,1,0,0,7,1,1
95918,0,1,0,0,0,1
24428,0,0,1,13,1,1
28544,0,0,1,6,0,1
74224,1,1,1,1,0,1
17581,1,0,0,12,1,1
81012,0,1,0,14,1,1
81620,0,0,1,4,0,0
31334,0,0,0,8,0,0
55580,0,0,0,8,1,1
27942,1,1,0,4,0,1
43537,1,0,1,8,1,1
51087,0,1,1,13,0,1
72335,0,0,0,0,1,0
32324,0,0,0,13,0,0
64687,1,1,1,6,0,1
54385,0,1,1,9,1,1
58158,0,0,1,1,0,0
4628,1,1,0,9,0,1
11216,0,1,1,1,0,0
35522,0,1,1,11,0,1
59533,1,0,1,0,1,1
1907,0,0,1,6,1,1
34489,1,0,1,14,1,1
78089,1,0,0,6,1,1
71099,1,0,1,13,0,1
97105,1,1,0,9,0,1
54749,1,1,0,4,0,1
77495,1,1,0,4,0,1
94288,0,0,1,9,1,1
33061,0,0,0,5,1,0
97265,0,0,0,9,1,1
22726,0,1,1,14,1,1
67391,0,0,0,14,1,0
43331,1,0,1,1,1,1
95951,0,1,1,12,1,1
98088,1,1,0,10,1,1
81827,1,1,0,7,0,1
58397,0,0,1,3,0,1
7879,0,1,0,12,1,1
1071,0,1,1,11,1,1
89803,1,1,1,15,1,1
43062,1,1,1,3,0,1
61737,1,1,0,0,0,1
68752,1,1,1,4,1,1
46946,0,1,1,11,1,1
14060,0,0,1,9,1,0
67247,1,1,0,4,0,1
69474,1,1,0,7,1,1
5591,0,1,0,7,1,1
6074,1,1,0,6,1,1
22822,0,1,0,7,0,1
36535,0,0,1,0,1,0
79713,1,1,1,4,1,1
20135,1,0,0,11,1,1
35528,0,1,1,1,1,1
46491,1,1,1,0,1,1
84014,0,1,0,10,0,1
86327,1,0,0,8,1,1
85385,0,0,0,11,0,0
68334,1,0,1,6,1,1
5456,0,0,1,14,1,1
69907,1,1,1,11,0,1
8841,1,1,0,6,0,1
68517,0,1,1,8,0,1
55187,0,0,0,5,1,0
96677,1,1,1,5,1,1
63088,1,0,0,14,0,1
50424,1,0,0,2,1,0
69519,0,1,0,9,0,1
47523,1,1,1,0,1,1
30976,0,1,0,7,1,1
59123,0,0,0,7,1,1
7520,0,1,1,8,1,1
88062,1,1,1,10,1,1
82297,1,1,1,10,1,1
77871,0,0,1,6,1,1
8791,1,0,1,15,0,1
76256,1,1,1,5,1,1
27637,1,1,1,6,0,1
2314,1,1,0,4,0,1
52417,0,0,0,0,1,0
71820,0,0,1,3,0,0
85146,1,0,1,12,0,1
6270,1,0,0,15,0,1
72823,0,1,0,7,1,1
86968,1,1,1,1,0,1
5898,1,1,1,14,1,1
95730,0,0,1,11,1,1
63910,1,0,0,5,0,1
42423,1,1,0,10,1,1
46955,0,0,1,7,1,1
34625,0,1,1,6,0,1
40911,0,1,1,1,0,1
29829,1,0,0,12,1,1
42606,1,0,0,14,1,1
58611,0,0,0,9,1,1
55982,1,1,1,15,1,1
99882,0,1,1,9,0,1
56723,0,0,1,15,0,1
66426,0,0,1,15,1,1
92691,0,0,1,7,0,1
51677,0,0,0,2,1,0
48372,1,0,0,7,0,1
11958,1,1,0,11,1,1
32532,1,1,0,14,0,1
38325,1,1,1,12,0,1
45369,1,1,0,15,1,1
15160,1,0,1,0,1,0
21276,0,0,0,12,0,0
13060,0,1,1,15,1,1
92536,1,0,1,14,1,1
96561,0,0,1,9,0,1
3858,0,1,1,0,1,1
15379,0,1,1,14,1,1
78714,1,1,1,13,0,1
18391,1,1,0,8,0,1
17719,0,0,0,8,0,0
27462,1,1,0,13,1,1
80997,0,0,1,14,0,1
19724,1,1,1,3,1,1
3626,0,0,0,11,0,0
39951,1,1,1,9,0,1
6987,0,1,0,15,0,0
28697,0,1,1,10,1,1
99443,0,0,1,14,1,1
12247,1,0,0,6,1,0
23548,1,1,0,6,1,1
89667,1,1,1,4,0,1
70347,0,0,1,15,0,1
8764,1,1,1,12,0,1
90098,1,1,0,4,1,1
15102,1,1,1,10,0,1
17665,0,1,0,10,1,1
57878,1,1,1,3,0,1
91636,1,0,0,3,1,1
11342,1,0,0,10,0,0
32890,0,1,1,13,0,1
2037,1,0,1,3,0,1
88100,1,1,1,9,0,1
99843,1,0,1,0,0,1
75884,0,0,0,11,1,1
92732,0,0,1,1,0,0
25690,0,0,1,10,1,1
88610,1,0,0,9,0,1
38015,0,0,1,13,1,1
13613,1,0,1,10,0,1
12610,1,1,0,6,0,1
17884,0,1,0,1,1,0
77053,0,0,0,1,1,0
18428,0,0,0,2,0,0
33657,1,0,0,3,0,0
84214,0,1,0,12,0,1
20851,0,1,1,13,1,1
16646,0,1,0,12,1,1
79976,1,1,0,5,1,1
67208,1,1,0,8,0,1
95740,1,0,1,14,1,1
36371,1,0,1,7,1,1
12173,1,0,1,12,1,1
73856,0,1,1,12,0,1
32381,0,1,1,9,0,1
62061,1,0,0,12,1,1
37919,1,1,1,13,1,1
44410,0,1,0,10,0,1
38063,0,1,1,4,1,1
44501,1,0,0,14,1,1
97741,0,1,1,6,1,1
71996,1,1,0,0,1,1
51650,0,1,1,7,0,1
12706,1,0,0,3,1,0
86054,0,1,0,0,0,0
65256,0,1,0,12,0,1
90688,0,0,0,8,1,1
72699,0,0,1,8,0,1
17377,0,1,1,6,1,1
52117,0,1,1,4,0,1
92182,1,1,1,6,0,1
14371,1,0,1,0,0,0
75159,1,0,0,5,1,1
94289,1,1,0,13,1,1
54061,0,0,1,7,0,1
13846,1,0,0,11,0,0
52706,0,1,0,2,0,0
30459,1,1,0,15,1,1
86186,0,1,0,9,0,1
71599,1,0,0,2,1,1
78808,0,0,0,8,0,0
52588,0,1,0,0,0,0
86103,0,0,0,13,1,0
53079,0,0,0,7,1,1
16089,0,1,1,9,1,1
7953,0,1,0,2,1,0
91242,1,0,1,3,0,1
50190,0,0,1,15,0,1
65047,0,0,0,3,1,0
17841,1,1,0,5,0,1
12160,0,0,1,9,1,1
63614,0,0,1,15,1,1
49981,1,1,0,2,0,1
10545,0,1,1,3,1,0
75806,1,0,0,4,0,0
37319,0,0,0,2,1,0
43549,0,1,1,5,1,1
53383,1,1,1,5,1,1
99408,1,1,0,0,0,1
37192,1,0,1,8,1,1
51274,1,0,0,0,1,0
77543,1,1,1,11,1,1
48022,1,1,0,5,1,1
59827,0,1,1,4,1,1
48197,0,1,1,0,1,1
87044,0,0,1,8,0,1
767,1,1,0,8,0,1
58437,0,0,0,13,1,1
78678,0,1,0,15,0,1
18544,0,1,1,5,0,1
94486,0,0,1,5,0,1
18820,0,0,0,4,1,0
70361,1,1,1,4,0,1
79529,1,0,0,8,0,1
95296,1,1,0,7,1,1
92444,0,0,1,0,1,1
41870,1,0,0,4,0,0
38014,0,1,1,1,1,1
31591,0,0,0,2,0,0
13512,1,1,0,9,0,1
43736,0,0,1,9,1,1
53838,1,1,0,1,0,1
84190,0,0,1,7,1,1
73401,0,0,1,3,0,0
29187,1,1,0,12,0,1
43607,1,1,1,11,1,1
71499,1,0,0,13,1,1
83675,0,1,1,4,1,1
49548,0,0,1,10,1,1
31634,0,1,1,11,1,1
10978,1,1,0,14,1,1
29285,1,0,1,1,0,1
28929,0,1,0,15,1,1
80549,0,1,1,8,1,1
65491,0,1,0,9,0,1
97610,0,1,0,6,1,1
724,0,1,0,14,0,0
14597,1,1,0,12,0,1
70168,1,1,1,9,0,1
22921,1,1,0,5,1,1
48455,1,0,0,6,0,1
81441,1,1,1,5,0,1
42325,0,1,0,1,1,0
18426,1,1,0,2,1,1
13103,1,1,0,4,0,0
39688,0,1,1,5,0,1
89818,0,0,1,12,0,1
749,1,0,0,11,0,0
15974,0,0,0,9,1,0
24341,0,0,1,3,0,0
75657,0,0,0,11,0,0
79293,1,0,0,0,0,0
24191,1,1,0,12,0,1
44731,1,1,1,2,1,1
78704,1,0,1,4,0,1
37541,1,0,0,7,0,1
85413,1,1,0,9,1,1
38061,1,1,0,14,0,1
80701,1,1,0,3,0,1
65498,1,1,1,10,0,1
23272,1,1,0,4,0,1
21087,0,1,1,1,1,1
94650,0,0,0,7,0,0
51321,1,1,0,12,1,1
26903,1,0,0,4,0,0
16235,1,0,0,4,1,0
94532,1,1,1,7,1,1
10995,1,0,1,6,0,1
3890,0,1,1,7,0,1
92248,0,0,0,8,1,1
78669,1,1,0,4,1,1
93633,1,0,1,6,1,1
44991,0,1,0,4,0,0
12992,1,0,1,11,0,1
51600,1,0,1,14,0,1
8437,0,1,0,8,1,1
29015,0,1,1,12,1,1
80525,1,1,1,14,1,1
55918,0,0,1,9,1,1
2941,1,1,0,10,0,1
75937,0,1,1,12,1,1
18842,0,1,0,14,1,1
23604,0,1,0,14,0,1
89860,1,0,0,4,0,0
57389,1,0,0,4,0,0
64774,1,0,1,11,1,1
60870,0,1,0,9,0,1
3275,0,0,0,2,1,0
72910,0,0,0,14,0,0
74468,1,1,0,12,1,1
95762,1,0,1,6,1,1
88036,0,1,0,0,0,0
18229,0,0,0,9,1,0
50916,1,0,0,6,1,1
88664,1,0,0,12,1,1
91498,0,1,0,10,1,1
37591,1,0,0,11,1,1
74582,0,0,0,4,1,0
48543,0,0,1,1,0,0
14292,1,1,1,3,1,1
69646,0,0,0,1,1,0
83731,0,0,1,1,1,1
8472,1,1,1,10,0,1
43376,0,0,1,6,1,1
60141,1,1,0,6,0,1
83876,0,0,1,10,1,1
58738,0,1,1,8,0,1
79817,0,0,1,3,1,1
69190,0,1,0,13,0,1
48047,1,1,1,3,0,1
74979,1,1,1,11,0,1
21049,1,0,1,1,1,1
43725,0,1,0,8,1,1
8878,1,1,1,14,0,1
48546,0,1,0,7,0,1
20969,1,1,0,3,1,1
44028,0,0,1,8,1,1
71934,1,0,0,6,0,1
67659,1,0,0,14,0,1
98921,1,1,0,8,1,1
83720,1,0,0,10,0,1
48677,1,1,0,7,0,1
61325,0,0,1,4,0,0
29428,0,1,1,15,1,1
15942,1,0,1,4,1,1
51209,0,0,0,0,1,0
19292,0,0,0,8,0,0
38792,1,1,0,1,1,1
90767,1,1,0,13,0,1
76457,1,0,1,11,1,1
52366,1,1,1,9,0,1
79975,1,0,0,9,1,1
2389,1,0,0,9,0,0
89510,1,0,1,6,0,1
11666,0,1,0,0,1,0
47527,1,1,0,13,0,1
43953,1,0,0,10,0,0
5848,0,1,0,13,0,0
66149,0,0,1,11,0,1
61536,1,1,0,7,1,1
66632,0,1,1,2,0,1
37283,1,1,0,8,1,1
93276,1,1,1,7,0,1
27319,0,1,0,13,1,1
19269,0,1,1,10,1,1
21916,1,0,1,0,0,0
90435,0,0,1,1,0,0
87464,1,0,1,2,0,1
44391,1,0,0,15,0,1
85519,0,0,0,7,1,1
86011,0,1,0,0,0,0
7553,0,0,0,2,1,0
15036,0,1,0,5,0,0
91721,1,0,1,5,0,1
97040,0,0,1,7,1,1
55765,0,0,1,12,0,1
84339,0,0,0,4,1,0
8852,1,1,1,8,1,1
45645,0,0,0,1,1,0
27899,0,0,1,15,0,1
58802,1,0,0,3,1,1
87559,1,0,1,13,1,1
99382,0,1,1,13,1,1
66827,1,1,1,4,0,1
31057,1,1,0,2,1,1
60378,1,0,0,5,1,1
57113,1,0,0,14,1,1
51896,1,0,0,0,1,1
76224,0,1,0,4,1,1
81690,1,1,1,4,1,1
79170,1,1,1,0,0,1
48512,0,1,0,2,1,0
57878,0,1,1,15,0,1
9271,0,1,1,11,0,1
69945,1,0,0,9,1,1
7450,1,0,0,5,1,1
78004,0,1,1,11,1,1
82211,0,0,0,6,0,0
13426,0,1,0,2,1,0
64771,1,0,0,12,1,1
23844,0,0,0,13,0,0
83198,0,1,0,1,0,0
83846,0,0,0,8,0,0
85455,1,0,1,14,1,1
61647,1,0,1,15,0,1
40086,1,1,1,15,1,1
94519,1,1,0,11,1,1
48947,0,1,1,2,1,1
85993,1,1,1,6,1,1
26091,1,0,1,13,0,1
64918,0,1,1,9,1,1
20318,0,1,1,11,1,1
66670,1,0,0,13,0,1
39522,0,1,1,1,1,1
95003,1,1,0,11,0,1
23020,1,1,1,5,0,1
60115,0,1,0,6,0,1
58667,0,1,0,10,1,1
87519,0,0,0,2,1,0
44019,1,0,1,1,0,0
39408,1,0,0,3,1,0
45112,0,0,0,14,1,0
29433,1,1,0,2,0,0
18743,0,1,0,8,0,0
47019,0,1,1,4,1,1
24109,1,0,0,11,1,1
69375,0,1,1,9,1,1
34118,1,0,0,7,1,1
10375,1,1,1,11,1,1
90361,1,0,1,4,1,1
71379,0,1,1,6,0,1
32891,1,0,0,2,1,0
49193,1,0,1,8,0,1
98830,1,0,1,3,1,1
21043,0,0,1,7,0,1
56655,0,0,0,10,0,0
97713,1,0,1,10,0,1
94616,0,0,1,14,0,1
22807,0,1,0,1,1,1
45209,0,1,0,1,0,0
79766,0,1,1,11,0,1
72579,0,0,0,7,1,1
61884,1,1,1,12,1,1
79579,0,0,1,9,0,1
82506,1,0,0,6,1,1
57231,1,0,0,1,0,1
63513,1,0,0,10,0,1
19377,0,1,0,12,1,0
59333,0,0,0,13,0,1
11028,0,1,0,4,0,0
77917,0,1,0,10,1,1
89149,1,1,1,3,0,1
18044,1,1,0,14,1,1
78069,0,1,0,1,1,1
41754,0,0,0,0,0,0
97408,0,1,0,6,1,1
7346,0,1,1,14,1,1
31261,0,1,0,6,1,1
89863,1,1,1,2,0,1
55669,0,0,0,7,0,0
22712,0,0,1,3,0,0
36907,1,0,0,9,0,1
482,0,0,0,11,0,0
4232,0,0,1,3,1,0
54538,0,0,0,15,0,0
78773,0,1,1,15,1,1
24241,0,0,0,11,0,0
33782,0,0,1,0,1,0
56946,0,1,1,0,1,1
23732,0,1,0,11,0,0
76664,0,1,1,11,1,1
55191,1,0,1,11,1,1
15158,0,1,1,15,0,1
57665,1,0,1,4,1,1
76731,1,1,0,4,1,1
57852,0,0,1,11,1,1
60231,0,0,1,9,0,1
95708,0,0,1,12,0,1
39044,1,1,0,15,1,1
95457,0,0,1,3,0,0
54638,0,1,0,3,1,1
38834,0,0,1,13,0,1
34431,1,0,1,12,1,1
70701,1,1,0,6,1,1
73334,0,0,0,8,0,0
89610,0,1,0,2,1,1
23840,0,0,0,15,0,0
43331,0,1,0,1,1,0
49529,0,0,0,14,0,0
67413,0,1,1,3,0,1
11569,0,1,1,1,1,1
88854,1,1,1,9,1,1
78778,0,1,0,4,0,0
16384,0,1,1,10,1,1
67835,0,0,0,13,0,0
27790,1,1,0,3,1,1
12436,0,1,1,11,1,1
97728,1,0,1,9,1,1
64063,0,0,0,1,1,0
21948,0,0,0,0,1,0
55939,1,1,0,5,0,1
29172,0,1,0,7,0,1
80567,1,1,0,1,1,1
7477,0,1,0,11,1,1
67718,1,0,1,13,0,1
76907,0,0,1,8,0,1
82952,0,0,1,10,0,1
35794,0,0,1,2,1,0
55277,0,0,0,6,1,0
16027,1,0,1,11,1,1
27351,1,1,0,3,1,1
28624,0,0,0,15,1,1
86801,1,0,1,9,1,1
70666,1,0,1,1,0,1
60511,1,0,1,2,1,1
66713,0,0,0,6,1,1
56302,1,0,1,4,0,1
86196,0,1,0,5,1,1
85356,0,0,1,3,0,0
54074,0,0,0,13,1,1
1989,0,0,1,9,1,1
38966,1,0,0,5,1,1
98920,1,0,1,14,1,1
92053,0,0,1,2,1,1
36009,0,1,0,9,1,1
25318,0,0,1,1,1,0
83499,0,1,1,2,0,1
23572,1,0,0,0,0,0
50343,1,1,0,5,0,1
31801,1,1,1,13,1,1
22810,0,1,0,7,1,1
74638,1,0,0,6,0,1
30311,1,0,1,4,1,1
49716,1,0,0,8,1,1
26520,1,0,0,8,0,1
48718,0,1,1,8,0,1
57071,1,1,0,9,0,1
23246,1,0,1,10,0,1
35356,0,1,0,11,0,1
83147,1,1,1,0,0,1
56057,1,1,1,6,1,1
12699,1,1,1,1,1,1
16431,0,0,0,10,1,0
72252,1,0,1,9,1,1
67778,1,1,1,8,1,1
53653,0,1,0,13,0,1
34291,1,0,0,0,0,0
34271,1,0,1,12,1,1
54997,1,1,0,10,0,1
95516,1,0,0,12,1,1
34278,0,0,1,6,1,1
83941,1,1,0,8,1,1
84734,1,1,1,7,1,1
40845,0,0,1,5,1,1
61917,0,1,1,3,1,1
17146,1,0,0,10,1,1
97692,0,1,1,2,1,1
67903,1,0,1,1,1,1
42446,1,0,0,2,0,0
18620,1,1,1,2,0,1
99595,1,1,0,15,1,1
68805,1,1,0,6,1,1
54488,0,0,0,13,0,0
39951,1,0,1,12,1,1
30591,0,0,0,6,0,0
57738,1,0,1,1,1,1
16357,1,1,1,11,1,1
56199,0,1,0,12,0,1
58361,1,0,1,15,1,1
49164,1,1,0,9,1,1
77096,1,0,1,14,1,1
98828,0,1,1,14,1,1
62401,1,0,1,4,0,1
55314,1,1,0,9,1,1
26277,1,0,0,10,1,1
85524,0,0,0,1,0,0
36506,0,1,1,12,1,1
19762,0,1,1,10,0,1
43816,1,1,0,10,0,1
88813,0,1,1,1,0,1
34208,1,0,0,2,0,0
40426,1,1,0,2,1,1
10631,0,0,1,6,1,1
52763,1,0,1,9,1,1
55812,0,1,1,0,1,1
96185,1,1,1,4,0,1
93425,0,1,1,10,1,1
69142,0,1,0,7,0,1
95781,0,0,1,13,1,1
41459,1,1,0,13,0,1
8893,1,0,1,2,0,0
69821,1,1,0,9,1,1
59222,0,0,0,8,1,1
44609,0,1,1,9,1,1
449,0,1,1,9,0,1
97919,0,0,1,7,1,1
70521,1,1,1,15,1,1
12618,0,0,0,11,0,0
88483,0,0,0,11,1,1
35166,1,1,0,11,0,1
69204,1,0,0,15,1,1
81707,0,1,0,5,1,1
47417,0,1,1,11,0,1
70621,0,0,0,9,0,1
94010,0,0,0,2,1,0
24882,1,0,0,9,0,0
90426,1,1,0,1,0,1
8398,1,0,1,6,1,1
11523,1,1,0,6,0,1
43660,1,1,0,1,0,1
29388,0,0,0,9,1,0
59053,1,0,0,1,1,1
80566,1,1,1,14,1,1
31213,1,1,1,3,0,1
77565,0,0,1,8,1,1
7318,1,1,0,3,0,0
13815,1,1,0,0,0,1
83520,0,0,1,4,0,0
70295,0,1,0,4,0,0
46740,1,0,1,12,0,1
69447,0,1,1,2,0,1
45354,0,0,1,15,0,1
72355,1,0,0,5,0,1
6211,1,1,1,15,0,1
25183,1,0,0,11,0,1
43966,0,0,1,0,0,0
52454,0,1,0,9,0,1
23945,1,0,1,11,1,1
34636,1,1,1,1,0,1
11035,1,1,1,8,0,1
12390,1,1,1,13,0,1
67578,1,1,1,11,1,1
81815,0,0,0,12,0,0
84923,0,0,0,2,0,0
72977,1,0,1,15,1,1
10538,0,0,0,6,1,0
99705,1,1,0,5,1,1
9723,0,1,1,1,1,1
40421,1,0,0,11,0,1
62258,0,0,1,7,0,1
64774,0,1,1,13,1,1
90378,0,0,1,5,0,1
21694,0,0,0,4,0,0
27581,0,1,1,13,1,1
63664,1,1,0,12,1,1
72407,0,1,1,8,1,1
62351,1,0,0,7,1,1
10737,1,1,1,10,0,1
91853,1,1,1,8,0,1
92604,1,1,0,13,1,1
99795,0,0,1,13,1,1
29462,1,1,1,10,0,1
84159,1,1,0,12,1,1
78592,1,0,0,1,0,0
96621,0,0,0,12,0,0
11354,1,1,0,5,1,1
16648,1,0,1,5,1,1
53867,0,1,1,1,0,1
4502,1,0,0,6,1,1
756,0,1,0,14,0,0
69172,1,1,1,3,1,1
34337,1,1,0,11,0,1
20316,1,0,1,15,1,1
83067,0,1,0,1,1,1
51884,1,0,0,4,1,1
58354,0,1,0,5,0,1
42171,0,0,0,15,1,0
42046,0,0,0,12,0,0
34155,0,1,1,15,1,1
98192,1,0,1,0,1,1
10872,0,0,1,15,1,1
9081,0,1,1,3,1,1
21754,1,0,0,13,1,1
71075,0,0,1,15,1,1
58419,1,1,1,10,0,1
2556,1,1,1,8,0,1
29283,1,1,1,3,1,1
73982,0,0,0,8,0,0
53173,0,1,0,11,0,1
77922,1,1,0,1,0,1
16230,1,1,1,14,0,1
80651,1,0,0,8,1,1
22768,1,1,1,10,1,1
13713,0,1,1,15,1,1
51677,1,1,1,6,1,1
31267,0,1,1,11,0,1
45190,1,1,1,11,0,1
52850,0,0,1,3,0,0
22073,0,0,1,14,0,1
2491,1,0,1,12,1,1
33455,1,1,0,9,0,1
45883,1,1,0,6,1,1
48971,1,0,0,14,0,1
79855,1,0,0,2,1,1
80810,0,0,0,14,0,0
60394,1,0,1,13,0,1
41073,1,0,1,4,0,1
75899,0,1,1,12,0,1
26044,1,1,0,11,1,1
78002,1,0,1,1,1,1
17511,0,1,0,6,0,0
14055,0,0,0,8,0,0
79215,1,1,0,15,1,1
29815,1,1,0,10,1,1
54369,1,0,1,0,0,1
87157,0,1,0,11,1,1
73594,0,1,0,5,1,1
87838,1,0,1,8,0,1
66498,1,1,0,2,0,1
25806,0,0,1,5,1,1
49594,0,0,1,4,1,1
40225,1,1,1,8,1,1
48898,0,0,1,10,1,1
10115,0,0,1,2,0,0
59101,0,0,1,4,0,0
72532,0,0,1,13,1,1
70493,1,1,0,8,1,1
21833,0,0,1,7,0,1
42520,1,0,0,3,0,0
22249,0,1,0,6,0,1
63235,1,1,1,15,0,1
1485,1,1,1,3,0,1
49542,0,1,0,15,1,1
90414,0,1,0,3,1,1
5578,1,1,0,9,0,1
51209,0,0,0,5,1,1
85865,1,1,1,13,1,1
14411,0,1,0,10,0,1
89455,0,1,1,1,1,1
30176,1,0,1,3,1,1
16272,0,1,0,6,1,1
18738,1,1,0,14,1,1
15548,1,0,0,7,1,1
44786,0,1,0,4,0,0
55601,0,1,1,8,0,1
79199,0,0,1,7,1,1
89549,0,0,1,11,1,1
42865,0,1,1,10,1,1
75323,0,1,0,0,0,0
39979,0,0,0,7,0,0
74988,1,1,1,0,0,1
99500,1,0,1,15,0,1
91753,0,0,0,11,1,1
59331,0,1,0,4,1,1
730,1,0,1,8,0,1
77510,1,0,0,14,1,1
34030,0,1,1,14,1,1
8048,0,1,1,7,1,1
86090,1,0,0,15,0,1
29938,0,0,1,13,1,1
99050,1,1,1,3,0,1
71251,1,0,1,14,0,1
71062,0,1,1,0,1,1
21359,1,0,1,11,1,1
54305,0,0,0,1,1,0
62052,1,1,1,11,1,1
54931,1,1,0,14,0,1
50877,0,1,1,8,0,1
76117,0,1,1,11,1,1
56968,1,0,1,2,0,1
17429,1,1,0,14,1,1
57644,1,1,0,6,1,1
49415,0,1,1,5,1,1
87928,0,0,1,7,1,1
17141,1,0,0,1,1,0
85710,0,1,0,5,0,1
89807,0,0,0,6,0,0
36790,1,0,1,0,1,1
33993,0,0,1,11,0,1
44798,1,1,1,4,1,1
17996,1,0,1,1,0,0
34821,1,1,1,15,1,1
14076,0,0,1,5,1,1
40865,0,0,1,7,1,1
99732,1,0,1,10,0,1
73124,1,1,1,0,0,1
30074,0,0,0,7,0,0
4580,0,1,1,13,0,1
75687,0,1,1,5,1,1
91806,0,1,0,9,1,1
22864,0,1,1,9,1,1
56082,0,0,0,5,0,0
688,0,1,0,1,0,0
64019,1,1,0,4,0,1
89373,0,0,0,15,1,1
48147,1,0,1,8,1,1
18120,0,0,1,12,1,1
61240,1,0,0,11,0,1
89352,1,1,1,5,0,1
94643,1,0,1,10,1,1
24825,0,0,1,15,0,1
90381,0,1,0,13,0,1
34128,1,1,0,7,0,1
63725,0,1,1,3,1,1
12637,1,0,0,13,1,1
63458,0,0,0,11,0,1
17230,0,0,0,11,0,0
29832,0,1,0,8,0,1
76841,1,0,0,10,1,1
16469,0,1,0,14,0,0
78945,0,0,1,10,1,1
91324,0,1,0,9,1,1
76491,1,0,1,4,1,1
10550,0,0,0,9,1,0
30985,1,1,1,5,1,1
25170,1,0,1,9,1,1
65034,0,1,1,15,0,1
53328,1,0,0,5,0,1
35517,0,1,0,9,1,1
54987,0,0,0,9,0,1
8726,1,1,1,7,1,1
16804,1,0,1,12,0,1
48068,1,0,0,7,1,1
30368,0,0,1,1,0,0
19539,1,0,0,3,1,0
23991,1,1,0,8,1,1
55294,0,0,0,8,0,1
29299,0,1,1,14,1,1
20798,0,1,1,13,1,1
10902,1,0,0,5,0,0
21533,1,1,0,12,1,1
5697,0,0,0,1,0,0
39502,1,1,0,9,1,1
59293,1,0,1,10,1,1
93737,1,0,0,3,1,1
64680,0,0,1,14,1,1
74929,0,0,1,7,1,1
2619,1,1,0,5,1,1
67390,1,0,1,14,0,1
67070,0,0,0,0,1,0
36437,1,0,0,1,0,0
55556,1,0,0,4,1,1
33326,0,1,0,14,0,0
31783,0,1,0,10,0,1
6417,0,0,0,10,0,0
63994,0,1,1,10,1,1
77138,1,0,1,4,0,1
44780,1,1,0,2,0,1
48893,0,0,1,7,0,1
67847,0,0,0,11,0,0
93881,0,1,1,2,1,1
43770,1,1,1,15,0,1
56754,0,0,0,8,1,1
2387,1,0,1,4,0,1
86231,1,1,0,10,0,1
201,1,1,0,10,0,1
20264,0,1,1,11,1,1
58478,1,0,1,6,0,1
3242,0,0,0,1,0,0
98968,1,0,0,6,0,1
67398,0,0,0,8,1,0
50677,0,0,1,15,1,1
69232,1,1,0,11,0,1
50144,1,1,0,12,1,1
68782,0,0,1,4,1,1
332,0,1,1,4,0,0
27727,1,1,1,0,1,1
29365,0,0,0,12,1,1
99745,1,0,1,11,1,1
72009,0,1,1,2,1,1
63120,1,0,1,12,1,1
48934,0,1,1,3,0,1
39988,1,1,0,11,1,1
27261,1,0,0,1,1,0
77245,0,0,0,4,1,0
45464,1,1,0,7,1,1
63291,0,0,0,3,1,0
90213,1,0,0,13,0,1
37215,1,0,0,3,0,0
87234,0,0,1,9,1,1
3216,0,1,1,1,0,1
76927,0,1,1,14,0,1
66946,1,0,1,12,0,1
28222,0,0,1,7,0,0
3704,0,0,1,7,1,1
80720,1,0,0,15,1,1
57467,1,1,1,13,1,1
67206,1,0,1,3,1,1
19141,1,0,1,10,1,1
647,0,0,0,1,0,0
37713,0,1,1,14,1,1
24276,1,0,1,1,1,1
67809,0,0,1,2,1,1
56638,0,0,0,6,0,0
69201,1,1,1,1,1,1
54663,0,1,0,15,1,1
42430,1,1,1,4,0,1
21080,1,0,1,12,0,1
32123,1,0,1,2,1,1
5546,0,0,0,1,0,0
89103,1,0,1,3,0,1
53677,0,1,0,0,1,1
12226,0,0,0,10,1,0
18845,1,1,1,6,1,1
6033,0,1,0,8,0,0
99140,0,0,0,3,1,0
44901,0,0,0,10,0,0
77071,0,1,1,14,0,1
47437,1,0,1,1,1,1
13218,1,1,0,2,0,0
13805,1,1,1,8,1,1
16502,0,1,1,15,1,1
59736,1,0,0,6,1,1
33952,1,0,0,7,0,1
51635,1,0,0,12,1,1
664,1,0,0,5,1,1
46052,0,0,0,11,1,0
31745,0,0,0,0,1,0
38808,1,0,0,10,0,1
5008,1,1,0,1,1,1
38188,1,1,1,12,1,1
33172,0,1,0,7,1,1
3423,0,1,1,0,0,0
63838,0,1,1,9,0,1
4946,1,0,0,2,1,0
75300,1,0,0,8,0,1
12266,1,1,1,2,1,1
77683,1,1,1,7,0,1
87339,1,1,1,11,0,1
74489,0,1,0,6,0,1
32055,0,0,1,5,1,1
45710,0,1,0,15,1,1
13700,1,0,1,13,0,1
66496,1,0,0,11,1,1
86771,0,0,1,12,1,1
34280,0,0,1,6,0,1
79917,1,1,0,13,0,1
47788,0,1,0,10,1,1
16522,0,0,1,4,1,0
51637,0,1,1,12,1,1
27445,1,0,0,9,1,1
63800,0,0,0,8,0,0
91275,0,1,1,4,1,1
16633,0,1,0,5,1,0
1029,0,0,0,1,0,0
55691,0,1,0,14,0,1
33906,1,0,0,2,0,0
6244,0,0,1,12,0,1
53168,1,0,0,6,0,1
34663,1,0,1,14,0,1
47653,1,1,0,4,0,0
69608,0,0,0,13,0,0
69079,1,1,0,15,1,1
83733,0,0,0,6,1,1
15352,1,0,1,6,1,1
77570,0,1,1,13,1,1
32057,0,0,0,7,0,0
18438,0,1,1,3,0,0
79071,0,1,1,10,0,1
41128,0,1,1,8,1,1
36593,0,1,1,3,0,0
40615,0,0,0,13,1,0
79398,0,1,1,15,0,1
41684,1,0,1,5,1,1
62871,0,0,1,3,0,0
93585,1,1,0,14,0,1
54161,0,1,1,0,0,1
25037,1,1,0,0,0,1
41974,1,1,1,7,1,1
25733,1,1,1,11,0,1
84444,0,1,1,8,0,1
8539,1,0,1,14,0,1
93224,1,0,1,12,1,1
13741,0,0,1,9,0,0
27362,0,0,0,11,1,0
4303,0,0,1,4,1,0
22550,0,0,1,6,0,1
83550,1,0,1,11,1,1
45835,0,0,0,15,0,0
8495,1,0,1,4,1,1
88366,0,1,0,15,1,1
82574,1,1,0,5,1,1
43618,0,0,0,11,0,0
67375,0,1,1,4,0,1
22764,0,0,0,6,1,0
59317,0,0,0,10,0,0
97856,0,0,0,8,0,0
25985,1,1,0,3,1,1
18652,0,0,1,12,0,0
55415,1,1,1,9,0,1
27145,0,1,1,8,1,1
2572,1,0,1,12,1,1
60957,0,0,1,9,1,1
3700,0,1,0,15,1,1
18804,1,0,0,4,1,0
15699,1,0,1,0,1,1
75223,1,0,0,3,1,1
92944,1,1,0,7,0,1
86693,0,1,0,14,1,1
30903,1,1,0,9,1,1
22953,1,0,1,1,0,0
15279,1,0,1,10,1,1
60787,1,0,1,1,0,1
58445,1,0,0,0,1,1
70046,0,1,0,13,0,1
17302,0,0,1,10,1,1
78252,0,0,1,11,1,1
42197,1,1,0,3,0,1
77748,0,0,1,10,1,1
18816,1,1,1,3,0,1
173,1,1,0,3,1,1
23894,0,0,0,12,1,0
1117,0,1,1,13,0,1
88130,0,0,1,8,1,1
97155,0,0,1,4,1,0
83121,1,1,0,7,0,1
88804,1,1,0,11,1,1
85553,0,1,0,14,1,1
6804,0,0,1,7,1,1
37398,1,1,1,14,1,1
36420,0,0,1,12,0,1
17852,1,1,1,7,1,1
46585,0,1,0,8,0,1
76087,0,1,0,14,1,1
66459,1,1,0,15,1,1
87393,0,1,1,9,0,1
88860,0,1,0,1,1,0
90108,1,1,1,3,0,1
86291,0,0,1,6,1,1
20641,0,0,0,10,1,0
31071,0,1,1,4,1,1
95526,0,0,0,4,1,0
25733,0,1,0,10,1,1
37421,1,0,1,1,0,1
16871,0,1,1,15,0,1
55658,1,0,0,11,1,1
45277,1,0,0,1,0,0
14982,1,1,0,6,1,1
34895,1,1,1,12,0,1
14226,0,0,0,15,0,0
42688,0,1,1,3,0,1
19685,0,0,1,12,1,1
55051,1,0,0,8,1,1
42546,1,1,0,4,1,1
92596,1,1,0,15,1,1
70739,1,0,0,4,1,1
25224,0,1,1,1,0,1
23423,0,1,1,4,1,1
2376,0,0,0,1,1,0
44292,0,1,0,14,0,1
84420,1,0,0,10,0,1
5168,0,0,0,8,1,0
4446,1,1,1,5,0,1
23997,0,0,0,7,0,0
20750,1,0,0,0,1,0
3362,1,0,0,5,1,0
7394,0,0,0,14,1,0
23932,1,0,1,9,1,1
96482,1,0,0,1,1,1
19855,0,0,0,5,1,0
72636,0,1,1,13,1,1
66064,1,0,1,15,1,1
74531,1,0,1,8,1,1
91165,1,1,0,11,1,1
59481,1,1,1,15,1,1
57970,0,1,1,10,1,1
60150,0,1,0,4,1,1
71633,1,0,1,1,0,1
19318,1,0,1,8,0,1
3618,0,1,0,15,0,1
55706,0,1,1,12,0,1
9834,1,1,1,15,1,1
19019,1,0,0,5,1,1
73060,1,0,1,8,0,1
2460,0,0,1,0,1,0
92171,0,1,0,12,1,1
48205,0,0,1,14,0,0
61873,1,0,1,7,0,1
71923,1,1,1,14,0,1
54138,0,0,1,2,0,0
74896,0,0,1,1,0,0
72880,1,0,0,0,1,0
19576,1,1,1,5,0,1
23119,0,0,0,5,1,0
81937,1,1,1,10,0,1
55446,1,1,1,8,0,1
19937,1,1,0,1,1,0
53113,1,0,1,6,1,1
5257,1,0,0,7,1,1
30216,1,1,1,14,1,1
15201,1,0,1,10,1,1
60105,1,0,1,9,1,1
66833,0,1,1,1,0,1
44324,1,0,1,1,1,1
33587,1,1,0,13,0,1
33973,1,0,1,4,1,1
14423,0,0,0,1,1,0
70122,1,1,1,10,0,1
10110,0,1,1,3,0,0
86486,1,0,1,0,0,1
19472,1,1,0,11,1,1
1234,1,1,1,5,1,1
13466,0,0,1,15,1,1
95631,1,1,1,12,0,1
22972,0,1,0,15,1,1
23724,0,1,1,2,1,1
65509,1,0,1,11,0,1
23814,1,1,1,14,1,1
43438,1,1,1,8,1,1
9179,0,1,0,3,0,0
90791,0,1,0,10,1,1
91244,1,1,0,6,1,1
32762,0,0,0,8,1,0
62820,0,1,1,13,0,1
47304,1,1,0,4,0,0
61092,0,1,1,8,0,1
30517,0,1,0,4,0,0
83417,1,0,0,1,0,0
88598,0,1,0,13,0,1
39192,1,1,1,6,0,1
17147,0,0,0,15,0,0
64098,0,1,1,2,1,1
45544,1,1,1,7,1,1
42843,1,0,0,5,0,1
18385,0,0,1,13,0,0
80506,1,1,1,5,0,1
37659,1,0,1,4,0,1
10486,0,0,1,2,0,0
97852,0,0,0,13,1,1
57310,1,0,1,15,1,1
56130,1,0,1,4,1,1
3908,0,0,0,15,1,0
29787,1,1,0,0,1,1
87372,0,0,1,11,1,1
31913,1,1,0,6,0,1
65597,0,0,1,10,0,1
69665,1,1,0,1,0,1
29017,0,0,1,14,0,1
93054,0,1,0,4,1,1
44369,1,1,0,14,1,1
38526,0,0,1,15,0,1
76617,1,1,1,14,0,1
51345,1,1,0,9,1,1
88075,1,1,1,7,0,1
93380,0,0,0,9,1,1
70178,1,1,0,0,1,1
31446,1,1,1,5,1,1
4264,1,1,0,10,0,1
11259,0,0,0,7,0,0
31730,1,0,1,4,0,1
46742,1,0,1,2,0,1
88397,0,0,1,6,0,1
36826,0,1,1,14,0,1
83447,1,1,0,14,0,1
50034,1,1,1,14,1,1
64933,1,1,1,11,0,1
42594,0,1,0,2,1,0
39469,1,1,0,7,1,1
90497,1,0,1,4,0,1
87752,0,0,1,10,0,1
80087,0,0,1,11,1,1
93230,1,1,0,1,0,1
87238,0,1,1,8,1,1
3471,0,1,0,6,1,1
22684,0,0,1,9,0,1
76482,0,1,0,9,0,1
32935,0,0,0,1,1,0
46444,1,1,0,0,1,1
79763,1,0,0,7,0,1
39747,1,0,0,2,0,0
39762,0,1,1,15,0,1
28193,1,0,1,13,1,1
24432,1,0,1,4,0,0
19857,0,0,0,6,0,0
5268,0,1,1,1,0,1
68997,0,0,1,13,1,1
20780,0,0,0,1,0,0
88010,0,0,1,12,0,1
58069,0,0,1,12,1,1
39473,0,1,0,0,0,0
73917,0,0,1,9,0,1
4054,0,0,0,5,0,0
35808,1,1,1,0,1,1
33667,1,1,1,1,1,1
45549,0,1,1,4,0,0
49556,0,0,1,0,0,0
84312,0,0,0,10,1,0
24736,1,0,0,13,1,1
3076,0,1,1,12,1,1
90070,0,0,0,6,1,0
3937,1,0,1,0,0,1
65043,0,1,0,13,0,1
24034,0,1,0,0,1,0
70160,1,1,1,6,0,1
61457,1,0,1,5,0,1
42701,0,1,1,8,1,1
14854,0,0,1,0,0,0
68176,0,0,1,15,0,1
93218,1,0,1,6,0,1
69815,0,0,1,7,1,1
57637,1,1,1,13,1,1
56556,1,1,0,12,0,1
11678,0,0,1,7,0,0
43736,1,0,1,15,1,1
16068,1,1,1,0,0,1
98311,1,1,0,11,1,1
71409,0,1,0,12,0,1
54373,1,0,0,9,1,1
26084,1,0,0,5,1,1
43726,1,1,1,12,1,1
23096,1,0,1,8,0,1
59354,0,1,0,6,1,1
82922,1,1,1,11,1,1
3856,0,0,0,2,0,0
54319,0,0,1,4,0,1
49436,1,1,0,3,1,1
51293,0,1,0,10,1,1
76839,0,1,0,2,1,1
4444,0,0,0,13,1,0
31629,1,1,1,6,1,1
4546,0,1,0,15,1,1
44059,0,1,0,11,1,1
80454,1,1,1,9,0,1
97339,1,1,1,4,1,1
22192,0,0,0,13,0,0
26929,1,1,1,9,1,1
24233,0,1,0,13,0,1
29978,0,1,1,15,0,1
7049,0,1,0,14,0,0
89633,1,1,1,12,0,1
5467,1,1,1,2,1,1
82087,0,1,1,4,0,1
63459,0,1,1,12,1,1
72818,0,0,0,4,1,0
49692,1,1,1,3,0,1
67949,0,0,1,1,1,0
94672,0,1,0,3,1,0
10070,1,1,1,8,1,1
13609,0,0,1,11,1,1
95973,1,1,0,10,0,1
65248,1,1,1,14,0,1
61540,0,0,1,7,0,1
12526,0,0,0,5,0,0
63417,0,1,1,13,0,1
71028,1,1,0,6,1,1
8380,1,1,1,4,0,1
1918,0,1,0,0,1,0
32339,1,0,1,13,0,1
4895,1,0,0,8,1,1
20357,1,1,1,14,1,1
80799,1,1,0,15,1,1
44705,1,1,1,4,1,1
51895,1,1,0,5,0,1
76905,1,1,1,11,0,1
25505,1,1,0,4,0,1
57439,0,1,0,1,0,0
97511,1,1,1,5,1,1
29287,0,0,0,14,1,0
96102,1,0,1,2,1,1
45035,0,0,1,14,1,1
48347,0,0,1,6,1,1
77898,0,0,1,6,1,1
78806,0,0,0,15,1,1
28555,1,0,0,11,1,1
68209,0,1,0,7,1,1
24510,1,0,0,1,0,0
94139,1,0,0,9,0,1
32996,0,0,1,0,1,0
25146,0,0,0,6,1,0
52348,0,0,1,15,0,1
61014,0,1,0,11,0,1
55276,1,0,1,9,1,1
40360,1,0,0,11,1,1
29257,1,0,1,9,0,1
27134,0,1,0,13,1,1
26862,1,0,0,1,0,0
59975,1,0,0,2,1,0
31298,0,0,1,13,1,1
10677,0,0,1,0,1,0
57037,1,0,1,14,0,1
64877,1,1,0,9,1,1
18754,1,0,0,7,1,1
40787,0,1,1,5,0,1
42731,1,1,0,14,1,1
75172,1,0,1,10,1,1
26453,1,1,1,13,1,1
86938,1,0,0,15,0,1
64403,0,0,0,4,0,0
86894,0,1,0,12,1,1
89608,0,1,1,14,0,1
22383,0,1,1,8,0,1
8660,1,1,0,3,0,0
79163,0,1,1,12,0,1
27346,0,1,1,9,1,1
74944,0,1,1,11,1,1
63583,1,0,0,6,1,1
54473,1,1,0,0,1,1
98564,1,0,1,13,1,1
39440,1,1,0,7,1,1
7565,1,0,0,10,1,1
45289,0,0,1,9,1,1
11971,0,1,1,7,1,1
5788,1,1,0,1,1,1
97998,1,0,0,7,0,1
74896,1,1,1,5,1,1
39181,0,1,1,12,1,1
14792,0,0,1,12,0,0
66213,1,0,0,1,0,0
40777,1,1,1,13,0,1
77092,0,0,1,12,1,1
36302,1,1,0,2,1,1
24513,0,0,1,1,0,0
89304,1,1,1,13,0,1
83832,0,0,1,3,1,1
79028,0,0,0,11,0,1
54623,1,0,0,7,1,1
98300,0,0,0,10,1,1
68081,0,0,0,2,0,0
46475,1,0,0,11,0,1
98099,0,1,0,6,1,1
4842,1,1,0,3,0,1
54073,1,0,1,15,0,1
1120,0,1,0,6,0,1
93867,1,0,1,3,1,1
20245,0,0,0,2,0,0
75661,1,0,0,1,1,0
87357,0,0,1,2,1,1
47707,1,1,0,14,1,1
1005,1,1,0,2,0,0
97179,0,0,0,1,1,0
48675,0,1,1,15,0,1
14539,0,1,0,2,0,0
87554,0,0,0,6,0,0
42638,1,1,0,1,1,1
29088,0,1,1,13,0,1
76472,1,0,1,1,1,1
4142,1,0,0,2,0,0
28562,1,0,0,12,1,1
90413,0,1,1,13,0,1
92042,0,1,0,8,0,1
31044,1,1,1,8,1,1
46289,0,1,0,10,0,1
17362,1,1,1,12,1,1
73172,0,1,0,15,1,1
79842,1,0,1,4,0,1
81403,1,1,1,13,0,1
25073,1,1,1,12,0,1
45371,0,0,0,12,1,0
18316,1,0,1,9,1,1
42065,0,0,1,4,1,0
11215,0,1,1,4,1,1
1132,0,1,0,8,1,1
78021,1,1,0,3,1,1
49707,0,1,1,9,0,1
8345,1,1,0,6,0,1
42343,0,1,0,6,1,1
44870,1,0,0,10,1,1
51280,0,1,0,3,1,0
44596,0,0,1,7,1,1
11589,0,0,1,11,1,0
43273,0,1,0,7,0,1
95206,0,0,0,4,1,0
97639,0,0,1,2,1,0
70649,1,0,1,6,1,1
77660,0,1,0,4,0,0
56078,0,0,0,6,1,1
74267,0,0,0,1,1,0
40828,0,1,1,14,1,1
89134,1,1,1,14,1,1
16811,1,0,1,4,0,0
82212,0,1,1,9,0,1
83906,1,0,1,3,0,1
69094,0,0,1,1,0,0
44193,1,0,0,15,0,0
34440,1,1,1,13,1,1
92976,0,0,1,9,1,1
58655,0,0,0,15,1,1
9570,0,1,1,6,0,1
98412,0,1,0,3,0,0
38836,0,1,1,7,0,1
2095,1,0,1,9,1,1
77547,1,1,1,14,1,1
26935,0,0,1,3,0,0
29824,0,0,1,14,0,1
56740,1,0,0,0,0,0
83092,1,0,1,9,1,1
96948,1,1,0,2,1,1
52983,0,0,0,11,0,0
79661,1,0,1,13,0,1
16820,1,1,0,6,0,1
21094,0,0,0,10,1,1
5468,1,0,1,14,0,1
41020,0,1,1,9,1,1
94872,1,1,0,14,0,1
52881,1,1,1,12,0,1
88207,1,1,0,5,0,1
23822,0,0,0,13,0,0
72923,1,1,0,13,1,1
78572,0,0,0,9,1,1
56577,0,0,1,12,1,1
35904,1,0,0,5,0,1
85746,1,0,1,8,0,1
68369,1,1,1,3,0,1
23865,0,0,1,7,1,1
89518,0,1,0,9,0,1
33185,0,0,1,10,1,1
96845,1,1,0,2,0,1
75310,0,0,0,13,0,0
44199,1,0,1,12,1,1
68213,1,1,1,11,0,1
73369,1,0,0,9,0,1
33764,0,1,0,0,1,0
56769,1,0,0,6,0,1
53320,0,1,0,1,0,0
10847,0,0,1,9,0,0
37201,0,0,1,8,1,1
20584,0,1,0,2,0,0
51713,0,1,1,14,0,1
82523,0,1,1,7,0,1
59631,1,1,0,12,1,1
4893,1,0,0,5,0,0
23850,1,1,0,5,0,1
66804,1,1,0,8,1,1
61569,0,1,1,14,0,1
64180,1,0,0,3,1,1
88944,0,1,1,6,0,1
703,1,1,1,13,0,1
99215,1,1,0,11,1,1
77584,1,0,0,13,1,1
65135,0,0,1,6,0,1
51953,1,1,1,12,1,1
68027,1,1,1,8,1,1
97693,0,1,1,7,1,1
33227,1,0,0,8,0,1
31732,1,1,0,0,1,1
80203,1,1,0,8,1,1
31167,1,1,1,1,1,1
1055,1,0,0,6,1,1
76167,0,0,0,7,1,1
49877,1,0,1,0,1,1
60209,0,0,1,2,1,0
94696,1,0,0,8,0,1
13647,0,0,1,11,0,1
59338,1,0,0,9,1,1
36948,1,1,1,13,0,1
28727,0,1,0,15,1,1
44097,0,0,1,2,0,0
2871,0,1,1,1,1,1
14540,1,0,1,9,1,1
60587,1,1,0,6,0,1
56082,0,1,1,6,1,1
85991,1,1,1,6,1,1
45180,0,1,0,5,1,1
95284,1,1,1,13,1,1
63130,0,0,0,5,0,0
12532,0,0,0,6,1,0
33333,1,1,0,6,0,1
54000,1,0,1,0,1,1
8768,0,1,1,3,0,0
35139,0,1,0,14,0,1
89324,1,1,1,6,0,1
33432,1,1,0,13,1,1
90552,0,1,1,4,1,1
67480,0,0,0,3,1,0
66428,0,1,1,7,0,1
64646,1,1,1,8,0,1
73758,1,0,0,6,0,1
60546,1,1,0,10,0,1
81274,0,0,1,5,0,1
17182,1,1,0,7,0,1
21744,0,1,1,11,1,1
32189,0,1,0,11,1,1
23693,1,0,0,0,0,0
82407,1,0,0,10,0,1
38400,0,0,0,4,0,0
67887,0,0,1,3,0,1
31231,0,1,1,9,1,1
67760,1,1,1,14,0,1
68969,0,1,1,10,0,1
13859,1,0,0,15,0,0
67630,0,1,1,4,1,1
66218,1,0,1,11,1,1
69288,0,1,1,1,0,1
67379,0,1,1,9,1,1
59538,1,0,1,0,1,1
72767,1,0,1,0,0,1
37862,1,1,0,7,1,1
58246,1,1,1,11,0,1
43699,0,0,0,4,1,0
43319,1,1,1,15,1,1
48872,0,1,1,3,0,1
67512,1,0,1,7,1,1
61695,0,0,1,1,1,1
47834,1,1,1,14,1,1
57296,1,0,0,10,1,1
15489,0,1,1,7,1,1
22219,1,1,1,8,0,1
39569,0,0,0,15,0,0
52175,1,0,0,9,1,1
90989,0,1,0,15,0,1
44531,1,1,1,7,1,1
46715,1,1,1,5,0,1
73270,0,0,1,15,1,1
66812,0,1,0,9,0,1
65995,1,0,1,6,0,1
11738,1,1,1,10,0,1
82117,1,0,0,12,1,1
80848,0,0,1,1,1,0
11633,0,1,1,6,0,1
14259,1,0,0,1,0,0
37460,0,0,0,7,0,0
56910,0,1,0,5,0,1
71317,1,0,0,6,1,1
59055,0,1,1,13,1,1
98106,1,0,0,7,1,1
91766,0,0,1,5,1,1
38386,1,1,0,13,1,1
4030,1,1,0,5,1,1
56997,1,0,1,10,0,1
62276,1,1,1,5,1,1
69106,1,0,1,8,1,1
28572,1,0,0,10,1,1
52971,1,0,0,8,0,1
82230,1,0,1,8,1,1
54927,0,0,0,4,0,0
87261,0,1,1,15,0,1
6975,0,1,0,7,1,1
35468,0,1,0,6,1,1
39526,1,1,0,1,1,1
43073,1,1,1,12,1,1
65952,1,0,0,11,1,1
96406,0,1,1,13,1,1
78960,1,0,1,7,0,1
4873,1,1,0,8,1,1
25381,1,1,0,1,0,1
19882,0,1,1,8,1,1
48420,0,0,0,10,0,0
12248,1,0,1,13,1,1
30958,0,1,1,1,0,1
24680,0,0,1,13,1,1
24501,1,0,1,4,0,1
71923,0,0,1,1,0,0
5764,0,1,0,4,0,0
35131,1,1,1,13,1,1
78559,0,1,0,15,0,1
46151,1,0,0,9,0,1
66134,0,0,1,0,1,1
95988,1,0,0,1,1,0
1520,0,0,0,12,1,0
44553,0,1,0,9,1,1
20415,0,1,0,2,0,0
37062,0,0,0,13,1,0
46157,1,0,0,7,0,1
11430,1,1,1,0,1,1
32939,1,1,1,10,0,1
59987,0,0,0,12,1,0
18970,1,1,0,0,0,0
98184,1,1,0,13,0,1
60702,0,0,0,2,0,0
59559,0,0,0,11,0,1
30198,0,0,1,8,1,1
91963,1,0,1,10,1,1
58081,1,0,0,3,0,0
19486,1,0,1,8,1,1
43921,1,0,0,4,0,0
9120,0,1,1,1,1,0
6640,0,0,1,12,1,1
29495,1,0,0,0,1,0
92986,1,1,0,14,0,1
75812,1,0,1,8,0,1
58947,0,0,0,14,0,0
57881,0,0,0,10,0,1
89223,0,0,1,2,1,1
49135,1,0,1,12,1,1
4924,1,0,1,7,0,1
92039,0,0,1,11,0,1
79605,0,0,0,15,0,0
37786,1,0,1,9,0,1
46025,1,1,0,10,0,1
61321,0,1,1,11,0,1
34304,1,0,0,15,1,1
19394,0,1,0,5,1,0
99726,0,1,0,3,1,1
2717,0,0,0,13,0,0
85212,0,1,0,2,1,0
6521,0,0,1,12,0,1
3261,1,1,1,15,1,1
11192,1,1,0,12,0,1
13886,1,1,1,9,1,1
64437,1,0,1,11,1,1
89995,0,0,0,1,1,0
26924,1,1,0,14,1,1
87946,0,1,0,1,1,1
13972,1,1,1,13,1,1
47693,0,0,0,15,1,0
66893,1,1,1,14,0,1
80606,1,1,0,7,1,1
79321,1,0,0,11,0,1
10619,0,0,1,8,1,1
16233,0,1,1,3,0,1
55180,0,0,1,7,0,1
82297,0,0,1,6,0,1
84168,1,0,1,11,0,1
43278,1,0,1,5,0,1
78510,1,1,1,15,0,1
24518,0,1,0,9,1,1
59352,0,0,0,4,0,0
57836,1,1,1,0,0,1
85430,1,1,1,1,1,1
63323,1,1,0,14,1,1
9820,0,1,0,9,1,1
45941,0,0,0,10,1,0
4249,0,1,0,1,1,0
4640,0,1,1,14,1,1
24538,1,0,0,3,1,1
49588,1,0,1,10,0,1
75155,1,0,1,8,0,1
94059,0,0,1,4,1,1
62220,1,0,1,8,0,1
283,0,0,1,3,0,0
82368,0,1,1,10,0,1
40297,0,0,0,10,1,0
24827,1,1,1,12,0,1
54106,1,0,1,5,1,1
42480,1,1,0,0,0,0
30314,1,1,1,5,0,1
74760,1,0,1,2,1,1
87447,1,0,1,12,1,1
81918,1,1,1,1,0,1
6748,0,0,0,14,1,0
51373,0,1,0,2,1,0
97121,0,0,0,5,1,0
64011,1,1,0,12,0,1
44328,1,1,0,10,1,1
25232,0,0,1,12,1,1
18512,1,0,1,13,1,1
15379,1,0,1,15,0,1
7904,1,0,1,5,0,1
76763,0,0,1,5,1,1
14898,1,0,1,0,0,0
67370,1,1,0,3,1,1
54126,1,0,0,3,0,0
14265,1,1,0,4,0,1
66434,1,1,1,12,1,1
81920,1,0,0,14,0,1
16434,0,1,1,10,0,1
41016,1,0,1,6,0,1
73467,0,0,0,6,0,1
41341,0,0,0,11,1,1
22490,0,1,0,8,0,1
19439,1,1,0,12,1,1
82640,0,0,0,4,1,0
99396,1,0,0,13,1,1
58844,1,1,0,9,0,1
96010,0,1,1,12,1,1
6890,1,1,0,2,0,0
85334,1,0,1,1,0,1
28760,0,1,0,0,1,0
37279,1,0,1,8,0,1
45497,1,0,1,6,0,1
57037,0,1,0,7,0,1
22285,0,1,0,5,1,1
85416,1,0,1,1,1,1
85390,0,1,1,7,0,1
80603,1,0,0,2,1,1
77848,0,0,0,10,0,0
92782,1,0,1,0,1,1
65061,1,1,0,9,1,1
79978,1,0,1,14,1,1
54645,1,0,0,7,0,1
75964,1,0,1,8,1,1
98174,0,0,1,10,1,1
25809,0,0,1,2,1,0
12717,1,0,1,3,0,0
78304,1,1,1,10,0,1
56315,0,1,1,0,1,1
33105,0,1,0,15,0,1
31197,1,0,1,15,1,1
93078,0,0,0,3,0,0
10609,1,0,0,11,1,1
97319,1,0,0,2,0,0
98299,1,1,0,15,0,1
11592,1,0,0,3,0,0
66143,1,0,0,1,1,1
76313,1,0,0,7,0,1
2552,0,1,1,11,0,1
5936,0,0,0,9,0,0
3211,0,1,0,4,1,0
8315,1,1,1,6,0,1
37003,1,0,0,4,0,0
24703,1,1,1,6,0,1
40134,0,0,0,13,1,0
5996,0,1,1,0,0,0
82545,1,0,0,3,0,0
48123,1,1,1,4,0,1
99693,0,0,0,11,1,1
17201,0,1,1,2,1,1
59600,1,1,1,14,1,1
28639,1,1,0,4,0,1
70491,0,0,1,5,0,1
66511,1,0,0,8,1,1
77029,1,1,1,13,0,1
95021,0,1,0,0,1,1
86256,1,1,0,7,0,1
